pdok_vbo,use,area,vbo_status,build_year,pand_status,pand_id
0363010012078308,overige gebruiksfunctie,188,Verblijfsobject in gebruik,2014,Pand in gebruik,0363100012242079
0363010000572449,woonfunctie,273,Verblijfsobject in gebruik,1971,Pand in gebruik,0363100012098098
0363010012575058,overige gebruiksfunctie,4,Verblijfsobject in gebruik,1996,Pand in gebruik,0363100012227133
0363010012098418,kantoorfunctie,123,Verblijfsobject in gebruik,2005,Pand in gebruik,0363100012080036
0363010012098419,kantoorfunctie,392,Verblijfsobject in gebruik,2005,Pand in gebruik,0363100012146871
0363010012098420,kantoorfunctie,122,Verblijfsobject in gebruik,2005,Pand in gebruik,0363100012146871
0363010012098421,kantoorfunctie,129,Verblijfsobject in gebruik,2005,Pand in gebruik,0363100012146871
0363010012171889,woonfunctie,104,Verblijfsobject in gebruik,2025,Pand in gebruik,0363100012255084
0363010012171894,woonfunctie,73,Verblijfsobject in gebruik,2025,Pand in gebruik,0363100012255084
0363010012171888,bijeenkomstfunctie,427,Verblijfsobject in gebruik,2025,Pand in gebruik,0363100012255084
0363010012171895,woonfunctie,68,Verblijfsobject in gebruik,2025,Pand in gebruik,0363100012255084
0363010012171899,woonfunctie,61,Verblijfsobject in gebruik,2025,Pand in gebruik,0363100012255084
0363010012171900,woonfunctie,68,Verblijfsobject in gebruik,2025,Pand in gebruik,0363100012255084
0363010012171890,woonfunctie,68,Verblijfsobject in gebruik,2025,Pand in gebruik,0363100012255084
0363010012171891,woonfunctie,73,Verblijfsobject in gebruik,2025,Pand in gebruik,0363100012255084
0363010012171892,woonfunctie,57,Verblijfsobject in gebruik,2025,Pand in gebruik,0363100012255084
0363010012171893,woonfunctie,57,Verblijfsobject in gebruik,2025,Pand in gebruik,0363100012255084
0363010000582062,woonfunctie,71,Verblijfsobject in gebruik,1921,Pand in gebruik,0363100012151324
0363010000582063,woonfunctie,69,Verblijfsobject in gebruik,1921,Pand in gebruik,0363100012151324
0363010000582064,woonfunctie,77,Verblijfsobject in gebruik,1921,Pand in gebruik,0363100012151324
0363010000582061,woonfunctie,69,Verblijfsobject in gebruik,1921,Pand in gebruik,0363100012151324
0363010000582068,woonfunctie,71,Verblijfsobject in gebruik,1921,Pand in gebruik,0363100012151324
0363010000582069,woonfunctie,48,Verblijfsobject in gebruik,1921,Pand in gebruik,0363100012151324
0363010000582070,woonfunctie,63,Verblijfsobject in gebruik,1921,Pand in gebruik,0363100012151324
0363010000582067,woonfunctie,63,Verblijfsobject in gebruik,1921,Pand in gebruik,0363100012151324
0363010000582074,woonfunctie,57,Verblijfsobject in gebruik,1921,Pand in gebruik,0363100012143906
0363010000582075,woonfunctie,57,Verblijfsobject in gebruik,1921,Pand in gebruik,0363100012143906
0363010000582076,woonfunctie,90,Verblijfsobject in gebruik,1921,Pand in gebruik,0363100012143906
0363010000582073,woonfunctie,57,Verblijfsobject in gebruik,1921,Pand in gebruik,0363100012143906
0363010000582079,woonfunctie,57,Verblijfsobject in gebruik,1921,Pand in gebruik,0363100012143906
0363010000582080,woonfunctie,57,Verblijfsobject in gebruik,1921,Pand in gebruik,0363100012143906
0363010000582081,woonfunctie,90,Verblijfsobject in gebruik,1921,Pand in gebruik,0363100012143906
0363010000582078,woonfunctie,57,Verblijfsobject in gebruik,1921,Pand in gebruik,0363100012143906
0363010000605042,industriefunctie,296,Verblijfsobject in gebruik,1970,Pand in gebruik,0363100012106992
0363010000605044,woonfunctie,106,Verblijfsobject in gebruik,1967,Pand in gebruik,0363100012061289
0363010000605043,industriefunctie,238,Verblijfsobject in gebruik,1967,Pand in gebruik,0363100012061289
0363010000605045,industriefunctie,263,Verblijfsobject in gebruik,1970,Pand in gebruik,0363100012095679
0363010000605046,industriefunctie,217,Verblijfsobject in gebruik,1970,Pand in gebruik,0363100012128979
0363010000605048,winkelfunctie,550,Verblijfsobject in gebruik,1964,Pand in gebruik,0363100012097017
0363010012109398,onderwijsfunctie,990,Verblijfsobject in gebruik,2017,Pand in gebruik,0363100012247687
0363010012066878,onderwijsfunctie,707,Verblijfsobject in gebruik,2011,Pand in gebruik,0363100012240013
0363010012066877,onderwijsfunctie,1995,Verblijfsobject in gebruik,2011,Pand in gebruik,0363100012240013
0363010011259277,overige gebruiksfunctie,200,Verblijfsobject in gebruik,1964,Pand in gebruik,0363100012061388
0363010011259278,overige gebruiksfunctie,140,Verblijfsobject in gebruik,1964,Pand in gebruik,0363100012061388
0363010011259279,overige gebruiksfunctie,180,Verblijfsobject in gebruik,1964,Pand in gebruik,0363100012061388
0363010000611045,woonfunctie,106,Verblijfsobject in gebruik,1957,Pand in gebruik,0363100012065348
0363010000611046,woonfunctie,83,Verblijfsobject in gebruik,1957,Pand in gebruik,0363100012142012
0363010000611047,woonfunctie,80,Verblijfsobject in gebruik,1957,Pand in gebruik,0363100012125681
0363010000621282,woonfunctie,53,Verblijfsobject in gebruik,1921,Pand in gebruik,0363100012151412
0363010000621283,woonfunctie,53,Verblijfsobject in gebruik,1921,Pand in gebruik,0363100012151412
0363010000621284,woonfunctie,81,Verblijfsobject in gebruik,1921,Pand in gebruik,0363100012151412
0363010000621281,woonfunctie,50,Verblijfsobject in gebruik,1921,Pand in gebruik,0363100012151412
0363010000624493,woonfunctie,50,Verblijfsobject in gebruik,1918,Pand in gebruik,0363100012143085
0363010000624494,woonfunctie,50,Verblijfsobject in gebruik,1918,Pand in gebruik,0363100012108374
0363010000624495,woonfunctie,50,Verblijfsobject in gebruik,1918,Pand in gebruik,0363100012082371
0363010000624496,woonfunctie,50,Verblijfsobject in gebruik,1918,Pand in gebruik,0363100012086986
0363010000624497,woonfunctie,50,Verblijfsobject in gebruik,1918,Pand in gebruik,0363100012110172
0363010001012409,woonfunctie,78,Verblijfsobject in gebruik,1918,Pand in gebruik,0363100012099244
0363010000624519,woonfunctie,37,Verblijfsobject in gebruik,1918,Pand in gebruik,0363100012070317
0363010000624511,woonfunctie,65,Verblijfsobject in gebruik,1918,Pand in gebruik,0363100012089500
0363010000624513,woonfunctie,35,Verblijfsobject in gebruik,1918,Pand in gebruik,0363100012118962
0363010000624514,woonfunctie,65,Verblijfsobject in gebruik,1918,Pand in gebruik,0363100012089500
0363010001012406,woonfunctie,78,Verblijfsobject in gebruik,1918,Pand in gebruik,0363100012111239
0363010012066876,sportfunctie,454,Verblijfsobject in gebruik,2011,Pand in gebruik,0363100012240013
0363010000624677,industriefunctie,1216,Verblijfsobject in gebruik,1980,Pand in gebruik,0363100012127566
0363010012155077,winkelfunctie,2181,Verblijfsobject gevormd,1978,Pand in gebruik,0363100012154936
0363010012155078,winkelfunctie,485,Verblijfsobject gevormd,1978,Pand in gebruik,0363100012154936
0363010000547057,woonfunctie,72,Verblijfsobject in gebruik,1914,Pand in gebruik,0363100012091732
0363010000547090,woonfunctie,29,Verblijfsobject in gebruik,1913,Pand in gebruik,0363100012082116
0363010000547091,woonfunctie,30,Verblijfsobject in gebruik,1913,Pand in gebruik,0363100012082116
0363010000547092,woonfunctie,34,Verblijfsobject in gebruik,1913,Pand in gebruik,0363100012082116
0363010000547089,woonfunctie,34,Verblijfsobject in gebruik,1913,Pand in gebruik,0363100012082116
0363010000547097,woonfunctie,40,Verblijfsobject in gebruik,1913,Pand in gebruik,0363100012073504
0363010000547100,woonfunctie,43,Verblijfsobject in gebruik,1913,Pand in gebruik,0363100012073504
0363010000547101,woonfunctie,43,Verblijfsobject in gebruik,1913,Pand in gebruik,0363100012073504
0363010000547096,woonfunctie,43,Verblijfsobject in gebruik,1913,Pand in gebruik,0363100012073504
0363010000547107,woonfunctie,41,Verblijfsobject in gebruik,1913,Pand in gebruik,0363100012074349
0363010000547108,woonfunctie,41,Verblijfsobject in gebruik,1913,Pand in gebruik,0363100012074349
0363010000547109,woonfunctie,41,Verblijfsobject in gebruik,1913,Pand in gebruik,0363100012074349
0363010000547106,woonfunctie,44,Verblijfsobject in gebruik,1913,Pand in gebruik,0363100012074349
0363010000547074,woonfunctie,50,Verblijfsobject in gebruik,1914,Pand in gebruik,0363100012233693
0363010000547075,woonfunctie,53,Verblijfsobject in gebruik,1914,Pand in gebruik,0363100012233693
0363010000547076,woonfunctie,52,Verblijfsobject in gebruik,1914,Pand in gebruik,0363100012233693
0363010000547082,woonfunctie,41,Verblijfsobject in gebruik,1913,Pand in gebruik,0363100012236855
0363010000547083,woonfunctie,43,Verblijfsobject in gebruik,1913,Pand in gebruik,0363100012236855
0363010000547084,woonfunctie,46,Verblijfsobject in gebruik,1913,Pand in gebruik,0363100012236855
0363010000547081,woonfunctie,48,Verblijfsobject in gebruik,1913,Pand in gebruik,0363100012236855
0363010000659190,winkelfunctie,47,Verblijfsobject in gebruik,1740,Pand in gebruik,0363100012177483
0363010001026519,woonfunctie,170,Verblijfsobject in gebruik,1750,Pand in gebruik,0363100012177219
0363010001026521,woonfunctie,162,Verblijfsobject in gebruik,1750,Pand in gebruik,0363100012177219
0363010000659196,woonfunctie,54,Verblijfsobject in gebruik,1725,Pand in gebruik,0363100012177475
0363010000659197,woonfunctie,54,Verblijfsobject in gebruik,1725,Pand in gebruik,0363100012177475
0363010000659198,woonfunctie,36,Verblijfsobject in gebruik,1725,Pand in gebruik,0363100012177475
0363010000659195,bijeenkomstfunctie,134,Verblijfsobject in gebruik,1725,Pand in gebruik,0363100012177475
0363010012080367,logiesfunctie,224,Verblijfsobject in gebruik,1900,Pand in gebruik,0363100012177476
0363010012080368,winkelfunctie,210,Verblijfsobject in gebruik,1900,Pand in gebruik,0363100012177476
0363010000658170,woonfunctie,58,Verblijfsobject in gebruik,1615,Pand in gebruik,0363100012164993
0363010000664706,woonfunctie,371,Verblijfsobject in gebruik,1620,Pand in gebruik,0363100012164992
0363010012151191,kantoorfunctie,5834,Verblijfsobject in gebruik,1620,Pand in gebruik,0363100012164992
0363010001041621,kantoorfunctie,861,Verblijfsobject in gebruik,1620,Pand in gebruik,0363100012164992
0363010000664715,kantoorfunctie,1109,Verblijfsobject in gebruik,1625,Pand in gebruik,0363100012177218
0363010000977619,kantoorfunctie,1006,Verblijfsobject in gebruik,1625,Pand in gebruik,0363100012177218
0363010000983356,woonfunctie,191,Verblijfsobject in gebruik,1680,Pand in gebruik,0363100012177480
0363010000713923,woonfunctie,344,Verblijfsobject in gebruik,1905,Pand in gebruik,0363100012177479
0363010000664719,woonfunctie;kantoorfunctie,298,Verblijfsobject in gebruik,1760,Pand in gebruik,0363100012177478
0363010000664724,woonfunctie,135,Verblijfsobject in gebruik,1760,Pand in gebruik,0363100012177477
0363010012132875,winkelfunctie,57,Verblijfsobject in gebruik,1620,Pand in gebruik,0363100012177217
0363010000690008,woonfunctie,88,Verblijfsobject in gebruik,1929,Pand in gebruik,0363100012143243
0363010000690009,woonfunctie,88,Verblijfsobject in gebruik,1929,Pand in gebruik,0363100012143243
0363010000690010,woonfunctie,110,Verblijfsobject in gebruik,1929,Pand in gebruik,0363100012143243
0363010000690007,woonfunctie,75,Verblijfsobject in gebruik,1929,Pand in gebruik,0363100012143243
0363010012110115,woonfunctie,203,Verblijfsobject in gebruik,1929,Pand in gebruik,0363100012101176
0363010000690021,woonfunctie,86,Verblijfsobject in gebruik,1929,Pand in gebruik,0363100012101176
0363010000690022,woonfunctie,110,Verblijfsobject in gebruik,1929,Pand in gebruik,0363100012101176
0363010000690027,woonfunctie,86,Verblijfsobject in gebruik,1929,Pand in gebruik,0363100012077139
0363010000690028,woonfunctie,86,Verblijfsobject in gebruik,1929,Pand in gebruik,0363100012077139
0363010000690029,woonfunctie,86,Verblijfsobject in gebruik,1929,Pand in gebruik,0363100012077139
0363010000690034,woonfunctie,91,Verblijfsobject in gebruik,1929,Pand in gebruik,0363100012077139
0363010000690039,woonfunctie,91,Verblijfsobject in gebruik,1929,Pand in gebruik,0363100012091970
0363010000690044,woonfunctie,86,Verblijfsobject in gebruik,1929,Pand in gebruik,0363100012091970
0363010000690045,woonfunctie,86,Verblijfsobject in gebruik,1929,Pand in gebruik,0363100012091970
0363010000690046,woonfunctie,86,Verblijfsobject in gebruik,1929,Pand in gebruik,0363100012091970
0363010000690050,woonfunctie,86,Verblijfsobject in gebruik,1929,Pand in gebruik,0363100012100371
0363010000690051,woonfunctie,86,Verblijfsobject in gebruik,1929,Pand in gebruik,0363100012100371
0363010000690052,woonfunctie,86,Verblijfsobject in gebruik,1929,Pand in gebruik,0363100012100371
0363010000690056,woonfunctie,91,Verblijfsobject in gebruik,1929,Pand in gebruik,0363100012100371
0363010012078382,bijeenkomstfunctie,1640,Verblijfsobject in gebruik,1928,Pand in gebruik,0363100012084626
0363010000710730,woonfunctie,44,Verblijfsobject in gebruik,1967,Pand in gebruik,0363100012121297
0363010000710731,woonfunctie,44,Verblijfsobject in gebruik,1967,Pand in gebruik,0363100012121297
0363010000710732,woonfunctie,44,Verblijfsobject in gebruik,1967,Pand in gebruik,0363100012121297
0363010000710733,woonfunctie,44,Verblijfsobject in gebruik,1967,Pand in gebruik,0363100012121297
0363010000722812,woonfunctie,50,Verblijfsobject in gebruik,1918,Pand in gebruik,0363100012104761
0363010000722813,woonfunctie,50,Verblijfsobject in gebruik,1918,Pand in gebruik,0363100012096785
0363010000722814,woonfunctie,50,Verblijfsobject in gebruik,1918,Pand in gebruik,0363100012110467
0363010000722815,woonfunctie,48,Verblijfsobject in gebruik,1918,Pand in gebruik,0363100012135571
0363010000722816,woonfunctie,50,Verblijfsobject in gebruik,1918,Pand in gebruik,0363100012101464
0363010000722804,woonfunctie,50,Verblijfsobject in gebruik,1918,Pand in gebruik,0363100012091152
0363010000722806,woonfunctie,50,Verblijfsobject in gebruik,1918,Pand in gebruik,0363100012081461
0363010000722808,woonfunctie,50,Verblijfsobject in gebruik,1918,Pand in gebruik,0363100012118768
0363010000722810,woonfunctie,50,Verblijfsobject in gebruik,1918,Pand in gebruik,0363100012107679
0363010000550416,woonfunctie,78,Verblijfsobject in gebruik,1993,Pand in gebruik,0363100012090211
0363010000551588,woonfunctie,78,Verblijfsobject in gebruik,1993,Pand in gebruik,0363100012066263
0363010000551589,woonfunctie,78,Verblijfsobject in gebruik,1993,Pand in gebruik,0363100012114640
0363010000551590,woonfunctie,78,Verblijfsobject in gebruik,1993,Pand in gebruik,0363100012066261
0363010000552486,woonfunctie,78,Verblijfsobject in gebruik,1993,Pand in gebruik,0363100012145851
0363010000551556,woonfunctie,78,Verblijfsobject in gebruik,1993,Pand in gebruik,0363100012141277
0363010000585632,woonfunctie,145,Verblijfsobject in gebruik,1993,Pand in gebruik,0363100012085286
0363010000585633,woonfunctie,145,Verblijfsobject in gebruik,1993,Pand in gebruik,0363100012078417
0363010000585634,woonfunctie,145,Verblijfsobject in gebruik,1993,Pand in gebruik,0363100012096398
0363010000585635,woonfunctie,145,Verblijfsobject in gebruik,1993,Pand in gebruik,0363100012147325
0363010000585636,woonfunctie,145,Verblijfsobject in gebruik,1993,Pand in gebruik,0363100012146755
0363010000585637,woonfunctie,145,Verblijfsobject in gebruik,1993,Pand in gebruik,0363100012110978
0363010011005081,woonfunctie,91,Verblijfsobject in gebruik,2012,Pand in gebruik,0363100012239387
0363010011005082,woonfunctie,98,Verblijfsobject in gebruik,2012,Pand in gebruik,0363100012239387
0363010011005083,woonfunctie,98,Verblijfsobject in gebruik,2012,Pand in gebruik,0363100012239387
0363010011005084,woonfunctie,91,Verblijfsobject in gebruik,2012,Pand in gebruik,0363100012239387
0363010011005085,woonfunctie,91,Verblijfsobject in gebruik,2012,Pand in gebruik,0363100012239387
0363010011005086,woonfunctie,98,Verblijfsobject in gebruik,2012,Pand in gebruik,0363100012239387
0363010011005087,industriefunctie,157,Verblijfsobject in gebruik,2012,Pand in gebruik,0363100012239388
0363010011005088,industriefunctie,176,Verblijfsobject in gebruik,2012,Pand in gebruik,0363100012239388
0363010011005089,woonfunctie,99,Verblijfsobject in gebruik,2012,Pand in gebruik,0363100012239387
0363010011005090,woonfunctie,108,Verblijfsobject in gebruik,2012,Pand in gebruik,0363100012239387
0363010011005091,woonfunctie,93,Verblijfsobject in gebruik,2012,Pand in gebruik,0363100012239387
0363010011005092,woonfunctie,100,Verblijfsobject in gebruik,2012,Pand in gebruik,0363100012239387
0363010011005093,woonfunctie,108,Verblijfsobject in gebruik,2012,Pand in gebruik,0363100012239387
0363010011005094,woonfunctie,93,Verblijfsobject in gebruik,2012,Pand in gebruik,0363100012239387
0363010011005095,woonfunctie,108,Verblijfsobject in gebruik,2012,Pand in gebruik,0363100012239387
0363010011005096,woonfunctie,108,Verblijfsobject in gebruik,2012,Pand in gebruik,0363100012239387
0363010011005097,woonfunctie,93,Verblijfsobject in gebruik,2012,Pand in gebruik,0363100012239387
0363010011005098,woonfunctie,108,Verblijfsobject in gebruik,2012,Pand in gebruik,0363100012239387
0363010011005099,woonfunctie,93,Verblijfsobject in gebruik,2012,Pand in gebruik,0363100012239387
0363010011005101,woonfunctie,108,Verblijfsobject in gebruik,2012,Pand in gebruik,0363100012239387
0363010000949514,kantoorfunctie;woonfunctie,228,Verblijfsobject in gebruik,1640,Pand in gebruik,0363100012179782
0363010000949515,woonfunctie,142,Verblijfsobject in gebruik,1640,Pand in gebruik,0363100012179782
0363010000759239,woonfunctie,152,Verblijfsobject in gebruik,1687,Pand in gebruik,0363100012179781
0363010000759238,industriefunctie,90,Verblijfsobject in gebruik,1687,Pand in gebruik,0363100012179781
0363010000759242,woonfunctie,64,Verblijfsobject in gebruik,1673,Pand in gebruik,0363100012179780
0363010012164013,woonfunctie,62,Verblijfsobject in gebruik,1673,Pand in gebruik,0363100012179780
0363010012164014,woonfunctie,107,Verblijfsobject in gebruik,1673,Pand in gebruik,0363100012179780
0363010001956927,woonfunctie,201,Verblijfsobject in gebruik,1673,Pand in gebruik,0363100012179780
0363010000759249,woonfunctie,91,Verblijfsobject in gebruik,1700,Pand in gebruik,0363100012179779
0363010000759250,woonfunctie,103,Verblijfsobject in gebruik,1700,Pand in gebruik,0363100012179779
0363010000759248,woonfunctie,88,Verblijfsobject in gebruik,1700,Pand in gebruik,0363100012179779
0363010001014270,kantoorfunctie,53,Verblijfsobject in gebruik,1738,Pand in gebruik,0363100012179953
0363010000961615,woonfunctie,108,Verblijfsobject in gebruik,1738,Pand in gebruik,0363100012179953
0363010000759686,woonfunctie,108,Verblijfsobject in gebruik,1738,Pand in gebruik,0363100012179953
0363010001014272,woonfunctie,95,Verblijfsobject in gebruik,1738,Pand in gebruik,0363100012179953
0363010001014273,industriefunctie,58,Verblijfsobject in gebruik,1738,Pand in gebruik,0363100012179953
0363010001014274,overige gebruiksfunctie,45,Verblijfsobject in gebruik,1738,Pand in gebruik,0363100012179953
0363010000768208,woonfunctie,313,Verblijfsobject in gebruik,1971,Pand in gebruik,0363100012095164
0363010000772763,woonfunctie,425,Verblijfsobject in gebruik,1968,Pand in gebruik (niet ingemeten),0363100012130126
0363010000772764,woonfunctie,349,Verblijfsobject in gebruik,1966,Pand in gebruik,0363100012084042
0363010000772765,woonfunctie,244,Verblijfsobject in gebruik,1969,Pand in gebruik,0363100012092527
0363010000777684,woonfunctie,122,Verblijfsobject in gebruik,1915,Pand in gebruik,0363100012170225
0363010000777895,woonfunctie,65,Verblijfsobject in gebruik,1915,Pand in gebruik,0363100012170225
0363010000777896,woonfunctie,65,Verblijfsobject in gebruik,1915,Pand in gebruik,0363100012170225
0363020001033158,ligplaats,,Plaats aangewezen,,,
0363010012088554,industriefunctie,260,Verblijfsobject in gebruik,2017,Pand in gebruik,0363100012243881
0363010012088555,industriefunctie,345,Verbouwing verblijfsobject,2017,Pand in gebruik,0363100012243870
0363010012088565,industriefunctie,105,Verblijfsobject in gebruik,2017,Pand in gebruik,0363100012243868
0363010012088566,industriefunctie,260,Verblijfsobject in gebruik,2017,Pand in gebruik,0363100012243869
0363010012088567,industriefunctie,260,Verblijfsobject in gebruik,2017,Pand in gebruik,0363100012243858
0363010012088568,industriefunctie,105,Verblijfsobject in gebruik,2017,Pand in gebruik,0363100012243859
0363010012088569,industriefunctie,105,Verblijfsobject in gebruik,2017,Pand in gebruik,0363100012243860
0363010012088576,industriefunctie,105,Verblijfsobject in gebruik,2017,Pand in gebruik,0363100012243855
0363010012088577,industriefunctie,105,Verblijfsobject in gebruik,2017,Pand in gebruik,0363100012243856
0363010012088578,kantoorfunctie;overige gebruiksfunctie,340,Verblijfsobject in gebruik,2017,Pand in gebruik,0363100012243857
0363010012088579,industriefunctie,305,Verblijfsobject in gebruik,2017,Pand in gebruik,0363100012243847
0363010012088580,industriefunctie,145,Verblijfsobject in gebruik,2017,Pand in gebruik,0363100012243848
0363010012088581,industriefunctie,145,Verblijfsobject in gebruik,2017,Pand in gebruik,0363100012243849
0363010000783027,woonfunctie,71,Verblijfsobject in gebruik,1979,Pand in gebruik,0363100012171925
0363010000783028,industriefunctie,165,Verblijfsobject in gebruik,1979,Pand in gebruik,0363100012171925
0363010000783029,overige gebruiksfunctie,109,Verblijfsobject in gebruik,1979,Pand in gebruik,0363100012171925
0363010000783034,woonfunctie,58,Verblijfsobject in gebruik,1979,Pand in gebruik,0363100012171925
0363010000783035,woonfunctie,58,Verblijfsobject in gebruik,1979,Pand in gebruik,0363100012171925
0363010000783036,woonfunctie,65,Verblijfsobject in gebruik,1979,Pand in gebruik,0363100012171925
0363010000783037,woonfunctie,58,Verblijfsobject in gebruik,1979,Pand in gebruik,0363100012171925
0363010000783038,woonfunctie,48,Verblijfsobject in gebruik,1979,Pand in gebruik,0363100012171925
0363010000783039,woonfunctie,48,Verblijfsobject in gebruik,1979,Pand in gebruik,0363100012171925
0363010000783040,woonfunctie,80,Verblijfsobject in gebruik,1979,Pand in gebruik,0363100012171925
0363010000783041,woonfunctie,48,Verblijfsobject in gebruik,1979,Pand in gebruik,0363100012171925
0363010000783042,woonfunctie,65,Verblijfsobject in gebruik,1979,Pand in gebruik,0363100012171925
0363010000783043,woonfunctie,78,Verblijfsobject in gebruik,1979,Pand in gebruik,0363100012171925
0363010000783044,woonfunctie,49,Verblijfsobject in gebruik,1979,Pand in gebruik,0363100012171925
0363010000783045,woonfunctie,52,Verblijfsobject in gebruik,1979,Pand in gebruik,0363100012171925
0363010000783046,woonfunctie,49,Verblijfsobject in gebruik,1979,Pand in gebruik,0363100012171925
0363010000783047,woonfunctie,47,Verblijfsobject in gebruik,1979,Pand in gebruik,0363100012171925
0363010000783048,woonfunctie,53,Verblijfsobject in gebruik,1979,Pand in gebruik,0363100012171925
0363010000783056,woonfunctie,50,Verblijfsobject in gebruik,1979,Pand in gebruik,0363100012171925
0363010000783070,woonfunctie,56,Verblijfsobject in gebruik,1979,Pand in gebruik,0363100012171925
0363010001009817,woonfunctie,70,Verblijfsobject in gebruik,1879,Pand in gebruik,0363100012159092
0363010000787112,woonfunctie,32,Verblijfsobject in gebruik,1878,Pand in gebruik,0363100012165943
0363010000787113,woonfunctie,31,Verblijfsobject in gebruik,1878,Pand in gebruik,0363100012165943
0363010000787114,woonfunctie,25,Verblijfsobject in gebruik,1878,Pand in gebruik,0363100012165943
0363010000787115,woonfunctie,30,Verblijfsobject in gebruik,1878,Pand in gebruik,0363100012165943
0363010000787116,woonfunctie,27,Verblijfsobject in gebruik,1878,Pand in gebruik,0363100012165943
0363010000787117,woonfunctie,30,Verblijfsobject in gebruik,1878,Pand in gebruik,0363100012165943
0363010000787111,woonfunctie,62,Verblijfsobject in gebruik,1878,Pand in gebruik,0363100012165943
0363010000787126,woonfunctie,59,Verblijfsobject in gebruik,1877,Pand in gebruik,0363100012165347
0363010000787127,woonfunctie,58,Verblijfsobject in gebruik,1877,Pand in gebruik,0363100012165347
0363010000787128,woonfunctie,58,Verblijfsobject in gebruik,1877,Pand in gebruik,0363100012165347
0363010000787125,woonfunctie,65,Verblijfsobject in gebruik,1877,Pand in gebruik,0363100012165347
0363010000784309,kantoorfunctie,1,Verblijfsobject in gebruik,1994,Pand in gebruik,0363100012061176
0363010000784310,kantoorfunctie,1,Verblijfsobject in gebruik,1994,Pand in gebruik,0363100012092141
0363010000784311,kantoorfunctie,1,Verblijfsobject in gebruik,1994,Pand in gebruik,0363100012113676
0363010000784312,kantoorfunctie,1,Verblijfsobject in gebruik,1994,Pand in gebruik,0363100012084674
0363010000784313,kantoorfunctie,91,Verblijfsobject in gebruik,1994,Pand in gebruik,0363100012104966
0363010000784314,winkelfunctie,2081,Verblijfsobject in gebruik,1994,Pand in gebruik,0363100012115820
0363010000784315,overige gebruiksfunctie,1,Verblijfsobject in gebruik,1994,Pand in gebruik,0363100012064912
0363010000784316,kantoorfunctie,611,Verblijfsobject in gebruik,1994,Pand in gebruik,0363100012120518
0363010000803500,woonfunctie,96,Verblijfsobject in gebruik,1957,Pand in gebruik,0363100012102360
0363010000803501,woonfunctie,80,Verblijfsobject in gebruik,1957,Pand in gebruik,0363100012085476
0363010000803502,woonfunctie,80,Verblijfsobject in gebruik,1957,Pand in gebruik,0363100012117960
0363010000803503,woonfunctie,80,Verblijfsobject in gebruik,1957,Pand in gebruik,0363100012151968
0363010000803504,woonfunctie,80,Verblijfsobject in gebruik,1957,Pand in gebruik,0363100012110562
0363010011290833,woonfunctie,124,Verblijfsobject in gebruik,1771,Pand in gebruik,0363100012169097
0363010011290834,woonfunctie,61,Verblijfsobject in gebruik,1771,Pand in gebruik,0363100012169097
0363010000804704,woonfunctie,63,Verblijfsobject in gebruik,1771,Pand in gebruik,0363100012169097
0363010000804705,woonfunctie,63,Verblijfsobject in gebruik,1771,Pand in gebruik,0363100012169097
0363010000804708,woonfunctie,174,Verblijfsobject in gebruik,1771,Pand in gebruik,0363100012180601
0363010000804709,woonfunctie,60,Verblijfsobject in gebruik,1771,Pand in gebruik,0363100012180601
0363010000804710,woonfunctie,80,Verblijfsobject in gebruik,1771,Pand in gebruik,0363100012180601
0363010000804715,woonfunctie,55,Verblijfsobject in gebruik,1771,Pand in gebruik,0363100012180600
0363010001042104,woonfunctie,56,Verblijfsobject in gebruik,1771,Pand in gebruik,0363100012180600
0363010001042103,woonfunctie,36,Verblijfsobject in gebruik,1771,Pand in gebruik,0363100012180600
0363010000804714,woonfunctie,165,Verblijfsobject in gebruik,1771,Pand in gebruik,0363100012180600
0363010001008098,woonfunctie,94,Verblijfsobject in gebruik,1771,Pand in gebruik,0363100012180599
0363010001008099,woonfunctie,85,Verblijfsobject in gebruik,1771,Pand in gebruik,0363100012180599
0363010001008100,woonfunctie,106,Verblijfsobject in gebruik,1771,Pand in gebruik,0363100012180599
0363010000804719,industriefunctie,70,Verblijfsobject in gebruik,1771,Pand in gebruik,0363100012180599
0363010000804723,kantoorfunctie,622,Verblijfsobject in gebruik,1770,Pand in gebruik,0363100012169095
0363010012148529,woonfunctie,101,Verblijfsobject in gebruik,2024,Pand in gebruik,0363100012252986
0363010012148539,woonfunctie,69,Verblijfsobject in gebruik,2024,Pand in gebruik,0363100012252986
0363010012148540,woonfunctie,51,Verblijfsobject in gebruik,2024,Pand in gebruik,0363100012252986
0363010012148549,woonfunctie,69,Verblijfsobject in gebruik,2024,Pand in gebruik,0363100012252986
0363010012148550,woonfunctie,51,Verblijfsobject in gebruik,2024,Pand in gebruik,0363100012252986
0363010012148735,woonfunctie,51,Verblijfsobject in gebruik,2024,Pand in gebruik,0363100012252986
0363010012148745,woonfunctie,50,Verblijfsobject in gebruik,2024,Pand in gebruik,0363100012252986
0363010012148746,woonfunctie,58,Verblijfsobject in gebruik,2024,Pand in gebruik,0363100012252986
0363010012148753,woonfunctie,105,Verblijfsobject in gebruik,2024,Pand in gebruik,0363100012252986
0363010012148762,overige gebruiksfunctie,1326,Verblijfsobject in gebruik,2024,Pand in gebruik,0363100012252986
0363010012109267,industriefunctie;kantoorfunctie,3390,Verblijfsobject in gebruik,2017,Pand in gebruik,0363100012247549
0363010001026575,industriefunctie,15941,Verblijfsobject in gebruik,2004,Pand in gebruik,0363100012095199
0363010000952889,industriefunctie,15706,Verblijfsobject in gebruik,1995,Pand in gebruik,0363100012126669
0363010000986339,industriefunctie,8460,Verblijfsobject in gebruik,1998,Pand in gebruik,0363100012075154
0363010000807271,woonfunctie,87,Verblijfsobject in gebruik,1987,Pand in gebruik,0363100012097262
0363010000807272,woonfunctie,88,Verblijfsobject in gebruik,1987,Pand in gebruik,0363100012107977
0363010000807273,woonfunctie,88,Verblijfsobject in gebruik,1987,Pand in gebruik,0363100012066180
0363010000807274,onderwijsfunctie,3544,Verblijfsobject in gebruik,1972,Pand in gebruik,0363100012105310
0363010000641666,kantoorfunctie,2826,Verblijfsobject in gebruik,1991,Pand in gebruik,0363100012122358
0363010012157005,overige gebruiksfunctie,8,Verblijfsobject in gebruik,2023,Pand in gebruik,0363100012253895
0363010012157006,overige gebruiksfunctie,8,Verblijfsobject in gebruik,2023,Pand in gebruik,0363100012253895
0363010003695453,sportfunctie,9700,Verblijfsobject in gebruik,2010,Pand in gebruik,0363100012241634
0363010003695454,overige gebruiksfunctie,69,Verblijfsobject in gebruik,2010,Pand in gebruik,0363100012241634
0363010012158167,bijeenkomstfunctie,340,Verblijfsobject in gebruik,2023,Pand in gebruik,0363100012253895
0363010000988374,kantoorfunctie,2950,Verblijfsobject in gebruik,1998,Pand in gebruik,0363100012062637
0363010012077451,kantoorfunctie,2950,Verblijfsobject in gebruik,1998,Pand in gebruik,0363100012076447
0363010001001343,kantoorfunctie,2950,Verblijfsobject in gebruik,1998,Pand in gebruik,0363100012068892
0363010001955727,onderwijsfunctie,3466,Verblijfsobject in gebruik,2003,Pand in gebruik,0363100012063461
0363010012067304,gezondheidszorgfunctie,5043,Verblijfsobject in gebruik,2013,Pand in gebruik,0363100012240262
0363010012067303,bijeenkomstfunctie,173,Verblijfsobject in gebruik,2013,Pand in gebruik,0363100012240262
0363010000817317,woonfunctie,95,Verblijfsobject in gebruik,1776,Pand in gebruik,0363100012179956
0363010000776484,industriefunctie,48,Verblijfsobject in gebruik,1735,Pand in gebruik,0363100012168525
0363010000817319,woonfunctie,71,Verblijfsobject in gebruik,1742,Pand in gebruik,0363100012165292
0363010012108842,industriefunctie,15278,Verblijfsobject in gebruik,2017,Pand in gebruik,0363100012247537
0363010012116312,kantoorfunctie,799,Verblijfsobject in gebruik,2017,Pand in gebruik,0363100012247537
0363010012116313,kantoorfunctie,627,Verblijfsobject in gebruik,2017,Pand in gebruik,0363100012247537
0363010000960322,bijeenkomstfunctie,75,Verblijfsobject in gebruik,1991,Pand in gebruik,0363100012155428
0363010000850093,bijeenkomstfunctie,526,Verblijfsobject in gebruik,1991,Pand in gebruik,0363100012163094
0363010012080388,bijeenkomstfunctie,250,Verblijfsobject in gebruik,1991,Pand in gebruik,0363100012202524
0363010012080389,woonfunctie,105,Verblijfsobject in gebruik,1991,Pand in gebruik,0363100012202524
0363010012576426,bijeenkomstfunctie,126,Verblijfsobject in gebruik,2025,Pand in gebruik,0363100012571330
0363010012092072,industriefunctie,34,Verblijfsobject in gebruik,2016,Pand in gebruik,0363100012244575
0363010012098940,industriefunctie,300,Verblijfsobject in gebruik,2005,Pand in gebruik,0363100012246235
0363010000960323,sportfunctie;bijeenkomstfunctie,2258,Verblijfsobject in gebruik,1991,Pand in gebruik,0363100012165220
0363010000982251,onderwijsfunctie,930,Verblijfsobject in gebruik,1996,Pand in gebruik,0363100012099566
0363010000837261,bijeenkomstfunctie,2077,Verblijfsobject in gebruik,1967,Pand in gebruik,0363100012146056
0363010000837256,onderwijsfunctie,3592,Verblijfsobject in gebruik,1968,Pand in gebruik,0363100012080966
0363010000837258,onderwijsfunctie,360,Verblijfsobject in gebruik,1968,Pand in gebruik,0363100012080966
0363010001003396,gezondheidszorgfunctie,1,Verblijfsobject in gebruik,2008,Pand in gebruik,0363100012157108
0363010000837259,onderwijsfunctie,33421,Verblijfsobject in gebruik,1971,Pand in gebruik,0363100012067741
0363010000837260,onderwijsfunctie,2009,Verblijfsobject in gebruik,1968,Pand in gebruik,0363100012068073
0363010001003397,gezondheidszorgfunctie,3300,Verblijfsobject in gebruik,1971,Pand in gebruik,0363100012067741
0363010000923231,industriefunctie,295,Verblijfsobject in gebruik,1990,Pand in gebruik,0363100012116282
0363020001038819,ligplaats,,Plaats aangewezen,,,
0363010000923232,industriefunctie,314,Verblijfsobject in gebruik,1990,Pand in gebruik,0363100012068088
0363010000923234,industriefunctie,309,Verblijfsobject in gebruik,1990,Pand in gebruik,0363100012134294
0363010000923235,industriefunctie,92,Verblijfsobject in gebruik,1990,Pand in gebruik,0363100012061760
0363010000923236,industriefunctie,309,Verblijfsobject in gebruik,1990,Pand in gebruik,0363100012135075
0363010000923237,industriefunctie,92,Verblijfsobject in gebruik,1990,Pand in gebruik,0363100012090804
0363010000923238,industriefunctie,295,Verblijfsobject in gebruik,1990,Pand in gebruik,0363100012085585
0363010000923239,industriefunctie,92,Verblijfsobject in gebruik,1990,Pand in gebruik,0363100012127606
0363010000923240,industriefunctie,295,Verblijfsobject in gebruik,1990,Pand in gebruik,0363100012116157
0363010000923241,industriefunctie,184,Verblijfsobject in gebruik,1990,Pand in gebruik,0363100012099903
0363010000923242,industriefunctie,295,Verblijfsobject in gebruik,1990,Pand in gebruik,0363100012078025
0363010000923243,industriefunctie,96,Verblijfsobject in gebruik,1900,Pand in gebruik,0363100012072471
0363010000923245,industriefunctie,92,Verblijfsobject in gebruik,1990,Pand in gebruik,0363100012083682
0363010000923247,industriefunctie,92,Verblijfsobject in gebruik,1990,Pand in gebruik,0363100012127060
0363010000923249,industriefunctie,210,Verblijfsobject in gebruik,1990,Pand in gebruik,0363100012108369
0363010000923251,industriefunctie,1,Verblijfsobject in gebruik,1989,Pand in gebruik,0363100012094333
0363010000923253,industriefunctie,105,Verblijfsobject in gebruik,1990,Pand in gebruik,0363100012149054
0363010000923255,industriefunctie,92,Verblijfsobject in gebruik,1990,Pand in gebruik,0363100012099675
0363010012082729,bijeenkomstfunctie;sportfunctie,367,Verblijfsobject in gebruik,2015,Pand in gebruik,0363100012242931
0363010000854284,woonfunctie,78,Verblijfsobject in gebruik,1967,Pand in gebruik,0363100012121297
0363010000854286,woonfunctie,78,Verblijfsobject in gebruik,1967,Pand in gebruik,0363100012121297
0363010000854298,woonfunctie,78,Verblijfsobject in gebruik,1967,Pand in gebruik,0363100012121297
0363010000854300,woonfunctie,78,Verblijfsobject in gebruik,1967,Pand in gebruik,0363100012121297
0363010000854302,overige gebruiksfunctie,1,Verblijfsobject in gebruik,1967,Pand in gebruik,0363100012121297
0363010000854304,overige gebruiksfunctie,1,Verblijfsobject in gebruik,1967,Pand in gebruik,0363100012121297
0363010000854306,overige gebruiksfunctie,1,Verblijfsobject in gebruik,1967,Pand in gebruik,0363100012121297
0363010000854308,overige gebruiksfunctie,1,Verblijfsobject in gebruik,1967,Pand in gebruik,0363100012121297
0363010000854310,overige gebruiksfunctie,1,Verblijfsobject in gebruik,1967,Pand in gebruik,0363100012121297
0363010000854312,overige gebruiksfunctie,1,Verblijfsobject in gebruik,1967,Pand in gebruik,0363100012121297
0363010000854314,overige gebruiksfunctie,1,Verblijfsobject in gebruik,1967,Pand in gebruik,0363100012121297
0363010000854316,overige gebruiksfunctie,1,Verblijfsobject in gebruik,1967,Pand in gebruik,0363100012121297
0363010000864938,woonfunctie,103,Verblijfsobject in gebruik,1967,Pand in gebruik,0363100012146056
0363010001006365,bijeenkomstfunctie,1,Verblijfsobject in gebruik,1967,Pand in gebruik,0363100012146056
0363010000864939,woonfunctie,341,Verblijfsobject in gebruik,1967,Pand in gebruik,0363100012112544
0363010000864940,woonfunctie,296,Verblijfsobject in gebruik,1966,Pand in gebruik,0363100012088728
0363010000864941,woonfunctie,318,Verblijfsobject in gebruik,1965,Pand in gebruik,0363100012133496
0599010000212093,woonfunctie,82,Verblijfsobject in gebruik,1970,Pand in gebruik,0599100000212093
0599010000159557,woonfunctie,82,Verblijfsobject in gebruik,1970,Pand in gebruik,0599100000159557
0599010000227376,woonfunctie,82,Verblijfsobject in gebruik,1970,Pand in gebruik,0599100000227376
0599010000081319,woonfunctie,82,Verblijfsobject in gebruik,1970,Pand in gebruik,0599100000081319
0599010000227373,woonfunctie,82,Verblijfsobject in gebruik,1970,Pand in gebruik,0599100000227373
0599010000022527,woonfunctie,82,Verblijfsobject in gebruik,1970,Pand in gebruik,0599100000022527
0599010000232477,woonfunctie,82,Verblijfsobject in gebruik,1970,Pand in gebruik,0599100000232477
0599010000137111,woonfunctie,82,Verblijfsobject in gebruik,1970,Pand in gebruik,0599100000137111
0599010000019851,woonfunctie,82,Verblijfsobject in gebruik,1970,Pand in gebruik,0599100000019851
0599010000254879,bijeenkomstfunctie,866,Verblijfsobject in gebruik,1896,Pand in gebruik,0599100000605886
0599010000293138,industriefunctie,261,Verblijfsobject in gebruik,1942,Pand in gebruik,0599100000605889
0599010000405689,onderwijsfunctie,2194,Verblijfsobject in gebruik,2004,Pand in gebruik,0599100000750404
0599010000461085,bijeenkomstfunctie,893,Verblijfsobject in gebruik,1983,Pand in gebruik,0599100000041404
0599010000347917,winkelfunctie,162,Verblijfsobject in gebruik,1996,Pand in gebruik,0599100000767707
0599010000347919,winkelfunctie,226,Verblijfsobject in gebruik,1996,Pand in gebruik,0599100000767708
0599010000347921,winkelfunctie,51,Verblijfsobject in gebruik,1996,Pand in gebruik,0599100000609530
0599010000347923,winkelfunctie,34,Verblijfsobject in gebruik,1996,Pand in gebruik,0599100000609530
0599010000347924,winkelfunctie,131,Verblijfsobject in gebruik,1996,Pand in gebruik,0599100000609532
0599010000347928,winkelfunctie,52,Verblijfsobject in gebruik,1996,Pand in gebruik,0599100000767695
0599010000347831,winkelfunctie,208,Verblijfsobject in gebruik,1996,Pand in gebruik,0599100000767672
0599010000347909,bijeenkomstfunctie,28,Verblijfsobject in gebruik,1996,Pand in gebruik,0599100000767674
0599010000347832,winkelfunctie,165,Verblijfsobject in gebruik,1996,Pand in gebruik,0599100000767674
0599010000347910,kantoorfunctie,15,Verblijfsobject in gebruik,1996,Pand in gebruik,0599100000767674
0599010000347837,winkelfunctie,17,Verblijfsobject in gebruik,1996,Pand in gebruik,0599100000767675
0599010000300566,woonfunctie,87,Verblijfsobject in gebruik,1930,Pand in gebruik,0599100000676001
0599010400009395,industriefunctie,417,Verblijfsobject in gebruik,2012,Pand in gebruik,0599100100006949
0599010000138844,bijeenkomstfunctie,129,Verblijfsobject in gebruik,1969,Pand in gebruik,0599100000613773
0599010000225555,woonfunctie,67,Verblijfsobject in gebruik,1941,Pand in gebruik,0599100000613774
0599010000225551,woonfunctie,67,Verblijfsobject in gebruik,1941,Pand in gebruik,0599100000613774
0599010000225557,woonfunctie,81,Verblijfsobject in gebruik,1941,Pand in gebruik,0599100000613774
0599010000225554,woonfunctie,77,Verblijfsobject in gebruik,1941,Pand in gebruik,0599100000613774
0599010000225550,woonfunctie,77,Verblijfsobject in gebruik,1941,Pand in gebruik,0599100000613774
0599010000225552,woonfunctie,91,Verblijfsobject in gebruik,1941,Pand in gebruik,0599100000613774
0599010000225556,woonfunctie,67,Verblijfsobject in gebruik,1941,Pand in gebruik,0599100000613777
0599010000225549,woonfunctie,67,Verblijfsobject in gebruik,1941,Pand in gebruik,0599100000613777
0599010000225560,woonfunctie,81,Verblijfsobject in gebruik,1941,Pand in gebruik,0599100000613777
0599010000225553,woonfunctie,77,Verblijfsobject in gebruik,1941,Pand in gebruik,0599100000613777
0599010000225548,woonfunctie,77,Verblijfsobject in gebruik,1941,Pand in gebruik,0599100000613777
0599010000225547,woonfunctie,91,Verblijfsobject in gebruik,1941,Pand in gebruik,0599100000613777
0599010000225559,woonfunctie,125,Verblijfsobject in gebruik,1941,Pand in gebruik,0599100000613779
0599010000225558,woonfunctie,109,Verblijfsobject in gebruik,1941,Pand in gebruik,0599100000613779
0599010400036243,kantoorfunctie,395,Verblijfsobject in gebruik,1941,Pand in gebruik,0599100000613774
0599010400015254,industriefunctie,419,Verblijfsobject in gebruik,2014,Pand in gebruik,0599100100006643
0599010000302975,woonfunctie,125,Verblijfsobject in gebruik,1993,Pand in gebruik,0599100000302975
0599010000302961,woonfunctie,122,Verblijfsobject in gebruik,1993,Pand in gebruik,0599100000302961
0599010000302982,woonfunctie,161,Verblijfsobject in gebruik,1993,Pand in gebruik,0599100000302982
0599010000224709,woonfunctie,135,Verblijfsobject in gebruik,1995,Pand in gebruik,0599100000224709
0599010000289302,woonfunctie,128,Verblijfsobject in gebruik,1995,Pand in gebruik,0599100000289302
0599010000154199,woonfunctie,128,Verblijfsobject in gebruik,1995,Pand in gebruik,0599100000154199
0599010000298752,woonfunctie,128,Verblijfsobject in gebruik,1995,Pand in gebruik,0599100000298752
0599010000241241,woonfunctie,144,Verblijfsobject in gebruik,1995,Pand in gebruik,0599100000241241
0599010000270594,kantoorfunctie,482,Verblijfsobject in gebruik,1987,Pand in gebruik,0599100000700111
0599010000219810,bijeenkomstfunctie,574,Verblijfsobject in gebruik,1964,Pand in gebruik,0599100000700224
0599010000280553,woonfunctie,98,Verblijfsobject in gebruik,1916,Pand in gebruik,0599100000621820
0599010400020458,industriefunctie,4382,Verbouwing verblijfsobject,1916,Pand in gebruik,0599100010068525
0599010000016615,woonfunctie,76,Verblijfsobject in gebruik,1926,Pand in gebruik,0599100000622492
0599010000164173,woonfunctie,76,Verblijfsobject in gebruik,1926,Pand in gebruik,0599100000622492
0599010000024492,winkelfunctie,238,Verblijfsobject in gebruik,1926,Pand in gebruik,0599100000622492
0599010000101045,woonfunctie,99,Verblijfsobject in gebruik,1926,Pand in gebruik,0599100000622492
0599010000271343,woonfunctie,75,Verblijfsobject in gebruik,1926,Pand in gebruik,0599100000622492
0599010000108558,woonfunctie,73,Verblijfsobject in gebruik,1926,Pand in gebruik,0599100000622492
0599010000294221,woonfunctie,77,Verblijfsobject in gebruik,1926,Pand in gebruik,0599100000622493
0599010000294220,woonfunctie,77,Verblijfsobject in gebruik,1926,Pand in gebruik,0599100000622493
0599010000323934,woonfunctie,98,Verblijfsobject in gebruik,1926,Pand in gebruik,0599100000622493
0599010000294217,woonfunctie,98,Verblijfsobject in gebruik,1926,Pand in gebruik,0599100000622494
0599010000294160,woonfunctie,77,Verblijfsobject in gebruik,1926,Pand in gebruik,0599100000622494
0599010000323935,woonfunctie,77,Verblijfsobject in gebruik,1926,Pand in gebruik,0599100000622494
0599010000294214,woonfunctie,77,Verblijfsobject in gebruik,1926,Pand in gebruik,0599100000622496
0599010000294208,woonfunctie,77,Verblijfsobject in gebruik,1926,Pand in gebruik,0599100000622496
0599010000323936,woonfunctie,99,Verblijfsobject in gebruik,1926,Pand in gebruik,0599100000622496
0599010000080737,woonfunctie,122,Verblijfsobject in gebruik,1995,Pand in gebruik,0599100000080737
0599010000224141,woonfunctie,114,Verblijfsobject in gebruik,1995,Pand in gebruik,0599100000224141
0599010000255200,woonfunctie,114,Verblijfsobject in gebruik,1995,Pand in gebruik,0599100000255200
0599010000489434,woonfunctie,56,Verblijfsobject in gebruik,1925,Pand in gebruik,0599100000625487
0599010000489433,woonfunctie,56,Verblijfsobject in gebruik,1925,Pand in gebruik,0599100000625487
0599010000279137,woonfunctie,41,Verblijfsobject in gebruik,1925,Pand in gebruik,0599100000625488
0599010000284294,woonfunctie,92,Verblijfsobject in gebruik,1925,Pand in gebruik,0599100000625488
0599010000124416,woonfunctie,135,Verblijfsobject in gebruik,1925,Pand in gebruik,0599100000625488
0599010000072422,woonfunctie,112,Verblijfsobject in gebruik,1925,Pand in gebruik,0599100000625489
0599010000097416,woonfunctie,95,Verblijfsobject in gebruik,1925,Pand in gebruik,0599100000625489
0599010000284295,woonfunctie,92,Verblijfsobject in gebruik,1925,Pand in gebruik,0599100000625489
0599010400005267,woonfunctie,186,Verblijfsobject in gebruik,1925,Pand in gebruik,0599100000625490
0599010000060971,woonfunctie,164,Verbouwing verblijfsobject,1925,Pand in gebruik,0599100000625490
0599010000204139,woonfunctie,106,Verbouwing verblijfsobject,1925,Pand in gebruik,0599100000625491
0599010000281771,woonfunctie,114,Verblijfsobject in gebruik,1925,Pand in gebruik,0599100000625491
0599010000054183,woonfunctie,114,Verblijfsobject in gebruik,1925,Pand in gebruik,0599100000625491
0599010000167826,logiesfunctie,272,Verblijfsobject in gebruik,1925,Pand in gebruik,0599100000625492
0599010000243205,woonfunctie,121,Verblijfsobject in gebruik,1925,Pand in gebruik,0599100000625493
0599010000017445,woonfunctie,134,Verbouwing verblijfsobject,1925,Pand in gebruik,0599100000625493
0599010000132297,woonfunctie,723,Verblijfsobject in gebruik,1905,Pand in gebruik,0599100000132297
0599010000283230,woonfunctie,324,Verblijfsobject in gebruik,1959,Pand in gebruik,0599100000283230
0599010000179516,woonfunctie,314,Verblijfsobject in gebruik,1899,Pand in gebruik,0599100000179516
0599010000067425,woonfunctie,309,Verblijfsobject in gebruik,1899,Pand in gebruik,0599100000067425
0599010000091769,woonfunctie,582,Verblijfsobject in gebruik,1903,Pand in gebruik,0599100000757994
0599010000051681,woonfunctie,194,Verbouwing verblijfsobject,1925,Pand in gebruik,0599100000627221
0599010000030015,woonfunctie,150,Verblijfsobject in gebruik,1925,Pand in gebruik,0599100000627221
0599010000088915,industriefunctie,26,Verblijfsobject in gebruik,1892,Pand in gebruik,0599100000630431
0599010110048711,bijeenkomstfunctie,384,Verblijfsobject gevormd,2025,Bouwvergunning verleend,0599100110029185
0599010110048712,kantoorfunctie,2123,Verblijfsobject gevormd,2025,Bouwvergunning verleend,0599100110029185
0599010110048713,kantoorfunctie,2715,Verblijfsobject gevormd,2025,Bouwvergunning verleend,0599100110029185
0599010110048719,kantoorfunctie,2566,Verblijfsobject gevormd,2025,Bouwvergunning verleend,0599100110029185
0599010000094124,kantoorfunctie,105,Verblijfsobject in gebruik,1987,Pand in gebruik,0599100000700111
0599010000015079,kantoorfunctie,3641,Verblijfsobject in gebruik,1987,Pand in gebruik,0599100000700111
0599010000315335,woonfunctie,111,Verblijfsobject in gebruik,1992,Pand in gebruik,0599100000315335
0599010000252116,woonfunctie,120,Verblijfsobject in gebruik,1992,Pand in gebruik,0599100000252116
0599010000314531,woonfunctie,111,Verblijfsobject in gebruik,1992,Pand in gebruik,0599100000314531
0599010000246858,woonfunctie,119,Verblijfsobject in gebruik,1992,Pand in gebruik,0599100000246858
0599010000337991,woonfunctie,99,Verblijfsobject in gebruik,1991,Pand in gebruik,0599100000337991
0599010000337992,woonfunctie,93,Verblijfsobject in gebruik,1991,Pand in gebruik,0599100000337992
0599010000337993,woonfunctie,93,Verblijfsobject in gebruik,1991,Pand in gebruik,0599100000337993
0599010000329777,woonfunctie,146,Verblijfsobject in gebruik,1992,Pand in gebruik,0599100000329777
0599010000246878,woonfunctie,120,Verblijfsobject in gebruik,1992,Pand in gebruik,0599100000246878
0599010000064844,woonfunctie,409,Verblijfsobject in gebruik,1954,Pand in gebruik,0599100000064844
0599010000270598,woonfunctie,478,Verblijfsobject in gebruik,1934,Pand in gebruik,0599100000270598
0599010000170199,woonfunctie,129,Verblijfsobject in gebruik,1912,Pand in gebruik,0599100000701991
0599010110009802,woonfunctie,109,Verblijfsobject in gebruik,1931,Pand in gebruik,0599100000647697
0599010110009803,woonfunctie,109,Verblijfsobject in gebruik,1931,Pand in gebruik,0599100000647697
0599010110009804,woonfunctie,96,Verblijfsobject in gebruik,1931,Pand in gebruik,0599100000647697
0599010110009805,woonfunctie,97,Verblijfsobject in gebruik,1931,Pand in gebruik,0599100000647697
0599010110009862,woonfunctie,119,Verblijfsobject in gebruik,1931,Pand in gebruik,0599100000647697
0599010110009863,woonfunctie,111,Verblijfsobject in gebruik,1931,Pand in gebruik,0599100000647697
0599010110009864,woonfunctie,96,Verblijfsobject in gebruik,1931,Pand in gebruik,0599100000647697
0599010110009865,woonfunctie,97,Verblijfsobject in gebruik,1931,Pand in gebruik,0599100000647697
0599010000294685,woonfunctie,69,Verblijfsobject in gebruik,1910,Pand in gebruik,0599100000647702
0599010110009806,woonfunctie,56,Verblijfsobject in gebruik,1910,Pand in gebruik,0599100000647702
0599010110009807,woonfunctie,107,Verblijfsobject in gebruik,1910,Pand in gebruik,0599100000647702
0599010110009808,woonfunctie,79,Verblijfsobject in gebruik,1910,Pand in gebruik,0599100000647703
0599010110009809,woonfunctie,50,Verblijfsobject in gebruik,1910,Pand in gebruik,0599100000647703
0599010110009810,woonfunctie,100,Verblijfsobject in gebruik,1910,Pand in gebruik,0599100000647703
0599010110009811,woonfunctie,79,Verblijfsobject in gebruik,1910,Pand in gebruik,0599100000647704
0599010110009812,woonfunctie,50,Verblijfsobject in gebruik,1910,Pand in gebruik,0599100000647704
0599010110009813,woonfunctie,100,Verblijfsobject in gebruik,1910,Pand in gebruik,0599100000647704
0599010110009814,woonfunctie,50,Verblijfsobject in gebruik,1932,Pand in gebruik,0599100000647706
0599010110009816,woonfunctie,51,Verblijfsobject in gebruik,1932,Pand in gebruik,0599100000647706
0599010000162857,woonfunctie,72,Verblijfsobject in gebruik,1951,Pand in gebruik,0599100000648758
0599010000188283,woonfunctie,85,Verblijfsobject in gebruik,1951,Pand in gebruik,0599100000648758
0599010000139313,woonfunctie,88,Verblijfsobject in gebruik,1951,Pand in gebruik,0599100000648758
0599010000145580,woonfunctie,120,Verblijfsobject in gebruik,1951,Pand in gebruik,0599100000648758
0599010000207183,woonfunctie,97,Verblijfsobject in gebruik,1951,Pand in gebruik,0599100000648759
0599010000089859,woonfunctie,110,Verblijfsobject in gebruik,1951,Pand in gebruik,0599100000648759
0599010000039646,woonfunctie,126,Verblijfsobject in gebruik,1951,Pand in gebruik,0599100000648759
0599010000125537,woonfunctie,157,Verblijfsobject in gebruik,1951,Pand in gebruik,0599100000648759
0599010000093746,woonfunctie,63,Verblijfsobject in gebruik,1951,Pand in gebruik,0599100000651444
0599010000188286,woonfunctie,65,Verblijfsobject in gebruik,1951,Pand in gebruik,0599100000651444
0599010000042882,woonfunctie,65,Verblijfsobject in gebruik,1951,Pand in gebruik,0599100000651444
0599010000128088,woonfunctie,42,Verblijfsobject in gebruik,1951,Pand in gebruik,0599100000651444
0599010000032190,woonfunctie,72,Verblijfsobject in gebruik,1951,Pand in gebruik,0599100000651445
0599010000046265,woonfunctie,74,Verblijfsobject in gebruik,1951,Pand in gebruik,0599100000651445
0599010000076120,woonfunctie,74,Verblijfsobject in gebruik,1951,Pand in gebruik,0599100000651445
0599010000167045,woonfunctie,74,Verblijfsobject in gebruik,1951,Pand in gebruik,0599100000651445
0599010000272666,woonfunctie,63,Verblijfsobject in gebruik,1951,Pand in gebruik,0599100000651446
0599010000133202,woonfunctie,65,Verblijfsobject in gebruik,1951,Pand in gebruik,0599100000651446
0599010000042883,woonfunctie,65,Verblijfsobject in gebruik,1951,Pand in gebruik,0599100000651446
0599010000219261,woonfunctie,65,Verblijfsobject in gebruik,1951,Pand in gebruik,0599100000651446
0599010000437287,woonfunctie,139,Verblijfsobject in gebruik,2012,Pand in gebruik,0599100000437292
0599010000437288,woonfunctie,114,Verblijfsobject in gebruik,2012,Pand in gebruik,0599100000437292
0599010000437289,woonfunctie,114,Verblijfsobject in gebruik,2012,Pand in gebruik,0599100000437292
0599010000485325,overige gebruiksfunctie,2040,Verblijfsobject in gebruik,2012,Pand in gebruik,0599100000437292
0599010000437291,woonfunctie,109,Verblijfsobject in gebruik,2012,Pand in gebruik,0599100000437292
0599010000437294,woonfunctie,92,Verblijfsobject in gebruik,2012,Pand in gebruik,0599100000437292
0599010000437298,woonfunctie,92,Verblijfsobject in gebruik,2012,Pand in gebruik,0599100000437292
0599010000437304,woonfunctie,84,Verblijfsobject in gebruik,2012,Pand in gebruik,0599100000437292
0599010000437318,woonfunctie,92,Verblijfsobject in gebruik,2012,Pand in gebruik,0599100000437292
0599010110018011,industriefunctie,4416,Verblijfsobject in gebruik,2022,Pand in gebruik,0599100110012740
0599010400038102,industriefunctie,1713,Verblijfsobject in gebruik,2019,Pand in gebruik,0599100100018554
0599010000271753,industriefunctie,201,Verblijfsobject in gebruik,1957,Pand in gebruik,0599100000656246
0599010000277232,kantoorfunctie,61,Verblijfsobject in gebruik,1952,Pand in gebruik,0599100000701488
0599010110001840,industriefunctie,623,Verblijfsobject in gebruik,1951,Pand in gebruik,0599100000092900
0599010110001841,industriefunctie,1046,Verblijfsobject in gebruik,1951,Pand in gebruik,0599100000092900
0599010110001842,industriefunctie,1472,Verblijfsobject in gebruik,1951,Pand in gebruik,0599100000092900
0599010110001843,industriefunctie,98,Verblijfsobject in gebruik,1951,Pand in gebruik,0599100000092900
0599010110001844,industriefunctie,582,Verblijfsobject in gebruik,1951,Pand in gebruik,0599100000092900
0599010110001845,industriefunctie,709,Verblijfsobject in gebruik,1951,Pand in gebruik,0599100000092900
0599010000044399,industriefunctie,2142,Verblijfsobject in gebruik,1955,Pand in gebruik,0599100000656254
0599010000250669,woonfunctie,77,Verblijfsobject in gebruik,1889,Pand in gebruik,0599100000659001
0599010000250670,woonfunctie,75,Verblijfsobject in gebruik,1889,Pand in gebruik,0599100000659001
0599010000250671,woonfunctie,77,Verblijfsobject in gebruik,1889,Pand in gebruik,0599100000659001
0599010000250672,woonfunctie,75,Verblijfsobject in gebruik,1889,Pand in gebruik,0599100000659001
0599010000250673,woonfunctie,72,Verblijfsobject in gebruik,1889,Pand in gebruik,0599100000659001
0599010000250674,woonfunctie,70,Verblijfsobject in gebruik,1889,Pand in gebruik,0599100000659001
0599010000250675,woonfunctie,92,Verblijfsobject in gebruik,1888,Pand in gebruik,0599100000659012
0599010000250676,woonfunctie,89,Verblijfsobject in gebruik,1888,Pand in gebruik,0599100000659012
0599010000250677,woonfunctie,104,Verblijfsobject in gebruik,1888,Pand in gebruik,0599100000659012
0599010000250678,woonfunctie,104,Verblijfsobject in gebruik,1888,Pand in gebruik,0599100000659012
0599010000250679,woonfunctie,63,Verblijfsobject in gebruik,1888,Pand in gebruik,0599100000659012
0599010000250680,woonfunctie,87,Verblijfsobject in gebruik,1888,Pand in gebruik,0599100000659012
0599010000250681,woonfunctie,93,Verblijfsobject in gebruik,1888,Pand in gebruik,0599100000659012
0599010000250682,woonfunctie,54,Verblijfsobject in gebruik,1888,Pand in gebruik,0599100000659012
0599010000247912,woonfunctie,64,Verblijfsobject in gebruik,1892,Pand in gebruik,0599100000659031
0599010000247913,woonfunctie,82,Verblijfsobject in gebruik,1892,Pand in gebruik,0599100000659031
0599010000247914,woonfunctie,64,Verblijfsobject in gebruik,1892,Pand in gebruik,0599100000659031
0599010000247915,woonfunctie,88,Verblijfsobject in gebruik,1892,Pand in gebruik,0599100000659031
0599010000247916,woonfunctie,51,Verblijfsobject in gebruik,1892,Pand in gebruik,0599100000659031
0599010000247917,winkelfunctie,58,Verblijfsobject in gebruik,1892,Pand in gebruik,0599100000659031
0599010400020225,industriefunctie,4824,Verblijfsobject in gebruik,1961,Pand in gebruik,0599100010034956
0599010000351012,industriefunctie,2184,Verblijfsobject in gebruik,1997,Pand in gebruik,0599100000702506
0599010000024898,industriefunctie,1787,Verblijfsobject in gebruik,1957,Pand in gebruik,0599100000660809
0599010400020226,industriefunctie,3878,Verblijfsobject in gebruik,1966,Pand in gebruik,0599100010063981
0599020000436148,ligplaats,,Plaats aangewezen,,,
0599020110000542,ligplaats,,Plaats aangewezen,,,
0599020110000582,ligplaats,,Plaats aangewezen,,,
0599010000165687,bijeenkomstfunctie,2954,Verblijfsobject in gebruik,1961,Pand in gebruik,0599100000661084
0599020000436147,ligplaats,,Plaats aangewezen,,,
0599010000254941,kantoorfunctie,87,Verblijfsobject in gebruik,1983,Pand in gebruik,0599100000621731
0599010000254942,bijeenkomstfunctie,173,Verblijfsobject in gebruik,1983,Pand in gebruik,0599100000621731
0599010000460630,bijeenkomstfunctie,185,Verblijfsobject in gebruik,1972,Pand in gebruik,0599100000040927
0599010000040930,bijeenkomstfunctie,211,Verblijfsobject in gebruik,1972,Pand in gebruik,0599100000040930
0599010000460632,bijeenkomstfunctie,242,Verblijfsobject in gebruik,1972,Pand in gebruik,0599100000040935
0599010000356347,bijeenkomstfunctie,784,Verblijfsobject in gebruik,1998,Pand in gebruik,0599100000665055
0599010000148088,industriefunctie,138,Verblijfsobject in gebruik,1987,Pand in gebruik,0599100000148088
0599010000255161,industriefunctie,16,Verblijfsobject in gebruik,1930,Pand in gebruik,0599100000755222
0599010000205381,woonfunctie,76,Verblijfsobject in gebruik,1923,Pand in gebruik,0599100000205381
0599010000241669,woonfunctie,76,Verblijfsobject in gebruik,1923,Pand in gebruik,0599100000241669
0599010000284619,woonfunctie,76,Verblijfsobject in gebruik,1923,Pand in gebruik,0599100000284619
0599010000199270,woonfunctie,76,Verblijfsobject in gebruik,1923,Pand in gebruik,0599100000199270
0599010000070148,woonfunctie,83,Verblijfsobject in gebruik,1923,Pand in gebruik,0599100000070148
0599010000239148,woonfunctie,76,Verblijfsobject in gebruik,1923,Pand in gebruik,0599100000239148
0599010000158427,woonfunctie,76,Verblijfsobject in gebruik,1923,Pand in gebruik,0599100000158427
0599010000195229,woonfunctie,83,Verblijfsobject in gebruik,1923,Pand in gebruik,0599100000195229
0599010000184036,woonfunctie,76,Verblijfsobject in gebruik,1923,Pand in gebruik,0599100000184036
0599010000057149,woonfunctie,83,Verblijfsobject in gebruik,1923,Pand in gebruik,0599100000057149
0599010000129802,woonfunctie,72,Verblijfsobject in gebruik,1923,Pand in gebruik,0599100000129802
0599010000284620,woonfunctie,83,Verblijfsobject in gebruik,1923,Pand in gebruik,0599100000284620
0599010000110611,woonfunctie,83,Verblijfsobject in gebruik,1923,Pand in gebruik,0599100000110611
0599010000132417,woonfunctie,83,Verblijfsobject in gebruik,1923,Pand in gebruik,0599100000132417
0599010000085243,woonfunctie,72,Verblijfsobject in gebruik,1923,Pand in gebruik,0599100000085243
0599010000091908,woonfunctie,72,Verblijfsobject in gebruik,1923,Pand in gebruik,0599100000091908
0599010000276052,woonfunctie,76,Verblijfsobject in gebruik,1923,Pand in gebruik,0599100000276052
0599010000192696,woonfunctie,76,Verblijfsobject in gebruik,1923,Pand in gebruik,0599100000192696
0599010000054513,woonfunctie,76,Verblijfsobject in gebruik,1923,Pand in gebruik,0599100000054513
0599010000030389,woonfunctie,76,Verblijfsobject in gebruik,1923,Pand in gebruik,0599100000030389
0599010000336477,woonfunctie,66,Verblijfsobject in gebruik,1991,Pand in gebruik,0599100000671872
0599010000338263,woonfunctie,66,Verblijfsobject in gebruik,1991,Pand in gebruik,0599100000671872
0599010000165624,woonfunctie,66,Verblijfsobject in gebruik,1991,Pand in gebruik,0599100000671872
0599010000165188,woonfunctie,61,Verblijfsobject in gebruik,1991,Pand in gebruik,0599100000671872
0599010000103921,woonfunctie,65,Verblijfsobject in gebruik,1991,Pand in gebruik,0599100000671872
0599010000275682,woonfunctie,66,Verblijfsobject in gebruik,1991,Pand in gebruik,0599100000671872
0599010000110197,woonfunctie,65,Verblijfsobject in gebruik,1991,Pand in gebruik,0599100000671872
0599010000121814,woonfunctie,66,Verblijfsobject in gebruik,1991,Pand in gebruik,0599100000671872
0599010000107565,woonfunctie,66,Verblijfsobject in gebruik,1991,Pand in gebruik,0599100000671872
0599010000103923,woonfunctie,65,Verblijfsobject in gebruik,1991,Pand in gebruik,0599100000671872
0599010000103198,woonfunctie,66,Verblijfsobject in gebruik,1991,Pand in gebruik,0599100000671872
0599010000092285,woonfunctie,66,Verblijfsobject in gebruik,1991,Pand in gebruik,0599100000671872
0599010000094156,woonfunctie,66,Verblijfsobject in gebruik,1991,Pand in gebruik,0599100000671872
0599010000096963,woonfunctie,65,Verblijfsobject in gebruik,1991,Pand in gebruik,0599100000671872
0599010000093876,woonfunctie,65,Verblijfsobject in gebruik,1991,Pand in gebruik,0599100000671872
0599010000096366,woonfunctie,66,Verblijfsobject in gebruik,1991,Pand in gebruik,0599100000671872
0599010000215444,woonfunctie,65,Verblijfsobject in gebruik,1991,Pand in gebruik,0599100000671872
0599010000094936,woonfunctie,66,Verblijfsobject in gebruik,1991,Pand in gebruik,0599100000671872
0599010000094933,woonfunctie,65,Verblijfsobject in gebruik,1991,Pand in gebruik,0599100000671872
0599010000094934,woonfunctie,65,Verblijfsobject in gebruik,1991,Pand in gebruik,0599100000671872
0599010000179537,woonfunctie,89,Verblijfsobject in gebruik,1940,Pand in gebruik,0599100000674085
0599010000185995,industriefunctie,209,Verblijfsobject in gebruik,1940,Pand in gebruik,0599100000674085
0599010000461087,kantoorfunctie,2029,Verblijfsobject in gebruik,1939,Pand in gebruik,0599100000038141
0599010000337985,woonfunctie,99,Verblijfsobject in gebruik,1991,Pand in gebruik,0599100000337985
0599010000337986,woonfunctie,93,Verblijfsobject in gebruik,1991,Pand in gebruik,0599100000337986
0599010000337987,woonfunctie,109,Verblijfsobject in gebruik,1991,Pand in gebruik,0599100000337987
0599010000157281,woonfunctie,71,Verblijfsobject in gebruik,1920,Pand in gebruik,0599100000683756
0599010000300161,woonfunctie,88,Verblijfsobject in gebruik,1920,Pand in gebruik,0599100000683756
0599010000300139,woonfunctie,82,Verblijfsobject in gebruik,1920,Pand in gebruik,0599100000683756
0599010000328096,woonfunctie,88,Verblijfsobject in gebruik,1920,Pand in gebruik,0599100000683756
0599010000300149,woonfunctie,125,Verblijfsobject in gebruik,1920,Pand in gebruik,0599100000683768
0599010000300156,woonfunctie,125,Verblijfsobject in gebruik,1920,Pand in gebruik,0599100000683768
0599010000300142,woonfunctie,125,Verblijfsobject in gebruik,1920,Pand in gebruik,0599100000683768
0599010000300160,woonfunctie,73,Verblijfsobject in gebruik,1920,Pand in gebruik,0599100000683777
0599010000300153,woonfunctie,87,Verblijfsobject in gebruik,1920,Pand in gebruik,0599100000683777
0599010000300158,woonfunctie,88,Verblijfsobject in gebruik,1920,Pand in gebruik,0599100000683756
0599010000300144,woonfunctie,73,Verblijfsobject in gebruik,1920,Pand in gebruik,0599100000683777
0599010000300137,woonfunctie,105,Verblijfsobject in gebruik,1920,Pand in gebruik,0599100000683777
0599010000186561,woonfunctie,73,Verblijfsobject in gebruik,1920,Pand in gebruik,0599100000683777
0599010000297668,woonfunctie,105,Verblijfsobject in gebruik,1920,Pand in gebruik,0599100000683777
0599010000254756,woonfunctie,73,Verblijfsobject in gebruik,1920,Pand in gebruik,0599100000683777
0599010000254755,woonfunctie,105,Verblijfsobject in gebruik,1920,Pand in gebruik,0599100000683777
0599010000300145,woonfunctie,82,Verblijfsobject in gebruik,1920,Pand in gebruik,0599100000683756
0599010000300148,woonfunctie,88,Verblijfsobject in gebruik,1920,Pand in gebruik,0599100000683756
0599010000300132,woonfunctie,82,Verblijfsobject in gebruik,1920,Pand in gebruik,0599100000683756
0599010000205271,woonfunctie,335,Verblijfsobject in gebruik,1929,Pand in gebruik,0599100000205271
0599010000289609,woonfunctie,635,Verblijfsobject in gebruik,1934,Pand in gebruik,0599100000684244
0599010000286070,woonfunctie,74,Verblijfsobject in gebruik,1967,Pand in gebruik,0599100000685852
0599010000112114,woonfunctie,74,Verblijfsobject in gebruik,1967,Pand in gebruik,0599100000685852
0599010000238036,woonfunctie,74,Verblijfsobject in gebruik,1967,Pand in gebruik,0599100000685852
0599010000123666,woonfunctie,74,Verblijfsobject in gebruik,1967,Pand in gebruik,0599100000685852
0599010000036837,woonfunctie,74,Verblijfsobject in gebruik,1967,Pand in gebruik,0599100000685852
0599010000269585,woonfunctie,74,Verblijfsobject in gebruik,1967,Pand in gebruik,0599100000685852
0599010000025354,woonfunctie,74,Verblijfsobject in gebruik,1967,Pand in gebruik,0599100000685852
0599010000293732,woonfunctie,74,Verblijfsobject in gebruik,1967,Pand in gebruik,0599100000685852
0599010000020151,woonfunctie,74,Verblijfsobject in gebruik,1967,Pand in gebruik,0599100000685852
0599010000222482,woonfunctie,74,Verblijfsobject in gebruik,1967,Pand in gebruik,0599100000685852
0599010000058599,woonfunctie,74,Verblijfsobject in gebruik,1967,Pand in gebruik,0599100000685852
0599010000293730,woonfunctie,74,Verblijfsobject in gebruik,1967,Pand in gebruik,0599100000685852
0599010000047001,woonfunctie,74,Verblijfsobject in gebruik,1967,Pand in gebruik,0599100000685852
0599010000090827,woonfunctie,74,Verblijfsobject in gebruik,1967,Pand in gebruik,0599100000685852
0599010000206819,woonfunctie,74,Verblijfsobject in gebruik,1967,Pand in gebruik,0599100000685852
0599010000434583,kantoorfunctie,3925,Verblijfsobject in gebruik,2007,Pand in gebruik,0599100000434583
0599010000020022,winkelfunctie,50,Verblijfsobject in gebruik,1964,Pand in gebruik,0599100000700224
0599010000076681,winkelfunctie,36,Verblijfsobject in gebruik,1964,Pand in gebruik,0599100000700224
0599010000196964,bijeenkomstfunctie,122,Verblijfsobject in gebruik,1984,Pand in gebruik,0599100000689015
0599010000188831,kantoorfunctie,94,Verblijfsobject in gebruik,1984,Pand in gebruik,0599100000689015
0599010000219127,woonfunctie,92,Verblijfsobject in gebruik,1938,Pand in gebruik,0599100000689752
0599010000288481,woonfunctie,49,Verblijfsobject in gebruik,1938,Pand in gebruik,0599100000689752
0599010000099078,woonfunctie,55,Verblijfsobject in gebruik,1938,Pand in gebruik,0599100000689752
0599010000017287,woonfunctie,55,Verblijfsobject in gebruik,1938,Pand in gebruik,0599100000689753
0599010000222291,woonfunctie,49,Verblijfsobject in gebruik,1938,Pand in gebruik,0599100000689753
0599010000037054,woonfunctie,92,Verblijfsobject in gebruik,1938,Pand in gebruik,0599100000689753
0599010000070868,woonfunctie,92,Verblijfsobject in gebruik,1938,Pand in gebruik,0599100000689754
0599010000027755,woonfunctie,49,Verblijfsobject in gebruik,1938,Pand in gebruik,0599100000689754
0599010400009142,woonfunctie,136,Verblijfsobject in gebruik,1938,Pand in gebruik,0599100000689755
0599010000185311,woonfunctie,49,Verblijfsobject in gebruik,1938,Pand in gebruik,0599100000689755
0599010000234501,woonfunctie,92,Verblijfsobject in gebruik,1938,Pand in gebruik,0599100000689755
0599010000234502,woonfunctie,92,Verblijfsobject in gebruik,1938,Pand in gebruik,0599100000689756
0599010000285888,woonfunctie,49,Verblijfsobject in gebruik,1938,Pand in gebruik,0599100000689756
0599010000068836,woonfunctie,55,Verblijfsobject in gebruik,1938,Pand in gebruik,0599100000689756
0599010000101744,woonfunctie,55,Verblijfsobject in gebruik,1938,Pand in gebruik,0599100000689757
0599010000193972,woonfunctie,49,Verblijfsobject in gebruik,1938,Pand in gebruik,0599100000689757
0599010000195930,woonfunctie,92,Verblijfsobject in gebruik,1938,Pand in gebruik,0599100000689757
0599010000031055,woonfunctie,92,Verblijfsobject in gebruik,1938,Pand in gebruik,0599100000689758
0599010000153542,woonfunctie,49,Verblijfsobject in gebruik,1938,Pand in gebruik,0599100000689758
0599010000017286,woonfunctie,55,Verblijfsobject in gebruik,1938,Pand in gebruik,0599100000689758
0599010000476139,woonfunctie,141,Verblijfsobject in gebruik,2009,Pand in gebruik,0599100000752655
0599010000476145,woonfunctie,141,Verblijfsobject in gebruik,2009,Pand in gebruik,0599100000752655
0599010000476146,woonfunctie,109,Verblijfsobject in gebruik,2009,Pand in gebruik,0599100000752655
0599010000476152,woonfunctie,103,Verblijfsobject in gebruik,2009,Pand in gebruik,0599100000752655
0599010000476157,woonfunctie,103,Verblijfsobject in gebruik,2009,Pand in gebruik,0599100000752655
0599010000476158,woonfunctie,96,Verblijfsobject in gebruik,2009,Pand in gebruik,0599100000752655
0599010000476166,woonfunctie,96,Verblijfsobject in gebruik,2009,Pand in gebruik,0599100000752655
0599010000476168,woonfunctie,103,Verblijfsobject in gebruik,2009,Pand in gebruik,0599100000752655
0599010000476173,woonfunctie,141,Verblijfsobject in gebruik,2009,Pand in gebruik,0599100000752655
0599010000476176,woonfunctie,141,Verblijfsobject in gebruik,2009,Pand in gebruik,0599100000752655
0599010000476177,woonfunctie,141,Verblijfsobject in gebruik,2009,Pand in gebruik,0599100000752655
0599010000476181,woonfunctie,109,Verblijfsobject in gebruik,2009,Pand in gebruik,0599100000752655
0599010000476182,woonfunctie,141,Verblijfsobject in gebruik,2009,Pand in gebruik,0599100000752655
0599010000476190,woonfunctie,144,Verblijfsobject in gebruik,2009,Pand in gebruik,0599100000752655
0599010000476191,woonfunctie,144,Verblijfsobject in gebruik,2009,Pand in gebruik,0599100000752655
0599010000476193,woonfunctie,144,Verblijfsobject in gebruik,2009,Pand in gebruik,0599100000752655
0599010000476196,woonfunctie,144,Verblijfsobject in gebruik,2009,Pand in gebruik,0599100000752655
0599010000476198,woonfunctie,195,Verblijfsobject in gebruik,2009,Pand in gebruik,0599100000752655
0599010000476212,overige gebruiksfunctie,2567,Verblijfsobject in gebruik,2009,Pand in gebruik,0599100000752655
0599010110011380,bijeenkomstfunctie,225,Verblijfsobject in gebruik,2021,Pand in gebruik,0599100100015362
0599020000002053,ligplaats,,Plaats aangewezen,,,
0599010000274028,woonfunctie,74,Verblijfsobject in gebruik,1941,Pand in gebruik,0599100000274028
0599010000075944,woonfunctie,74,Verblijfsobject in gebruik,1941,Pand in gebruik,0599100000075944
0344010000048496,woonfunctie,130,Verblijfsobject in gebruik,1903,Pand in gebruik,0344100000002360
0344010000048498,woonfunctie,137,Verblijfsobject in gebruik,1903,Pand in gebruik,0344100000048392
0344010000145875,woonfunctie,130,Verblijfsobject in gebruik,1904,Pand in gebruik,0344100000043293
0344010000048501,woonfunctie,140,Verblijfsobject in gebruik,1904,Pand in gebruik,0344100000036991
0344010000145876,woonfunctie,130,Verblijfsobject in gebruik,1903,Pand in gebruik,0344100000034194
0344010000048504,woonfunctie,39,Verblijfsobject in gebruik,1903,Pand in gebruik,0344100000062416
0344010000107306,woonfunctie,41,Verblijfsobject in gebruik,1903,Pand in gebruik,0344100000062416
0344010000107307,woonfunctie,38,Verblijfsobject in gebruik,1903,Pand in gebruik,0344100000062416
0344010000120704,woonfunctie,51,Verblijfsobject in gebruik,1903,Pand in gebruik,0344100000062416
0344010000001787,woonfunctie,65,Verblijfsobject in gebruik,1989,Pand in gebruik,0344100000075078
0344010000123892,woonfunctie,79,Verblijfsobject in gebruik,1989,Pand in gebruik,0344100000075079
0344010000039328,onderwijsfunctie;sportfunctie,1550,Verblijfsobject in gebruik,1988,Pand in gebruik,0344100000014967
0344010000047169,woonfunctie,111,Verblijfsobject in gebruik,1936,Pand in gebruik,0344100000060001
0344010000047170,woonfunctie,109,Verblijfsobject in gebruik,1936,Pand in gebruik,0344100000028580
0344010000047171,woonfunctie,102,Verblijfsobject in gebruik,1936,Pand in gebruik,0344100000038436
0344010000000100,industriefunctie;overige gebruiksfunctie,18,Verblijfsobject in gebruik,1936,Pand in gebruik,0344100000038435
0344010000188841,bijeenkomstfunctie,44,Verblijfsobject in gebruik,2001,Pand in gebruik,0344100000103949
0344010000076627,kantoorfunctie,26127,Verblijfsobject in gebruik,1995,Pand in gebruik,0344100000048051
0344010000203671,logiesfunctie,3810,Verblijfsobject in gebruik,1995,Pand in gebruik,0344100000048051
0344010000047794,bijeenkomstfunctie;industriefunctie;woonfunctie,339,Verblijfsobject in gebruik,1900,Pand in gebruik,0344100000055473
0344010000147742,woonfunctie,117,Verblijfsobject in gebruik,1904,Pand in gebruik,0344100000038138
0344010000077157,industriefunctie;overige gebruiksfunctie,31745,Verblijfsobject in gebruik,1933,Pand in gebruik,0344100000085109
0344010000077158,industriefunctie;kantoorfunctie,172,Verblijfsobject in gebruik,1933,Pand in gebruik,0344100000068449
0344010000112305,kantoorfunctie,1920,Verblijfsobject in gebruik,1980,Pand in gebruik,0344100000055313
0344010000156098,bijeenkomstfunctie,359,Verblijfsobject in gebruik,1978,Pand in gebruik,0344100000072209
0344010000112306,industriefunctie,117,Verblijfsobject in gebruik,1933,Pand in gebruik,0344100000055412
0344010000112307,industriefunctie,964,Verblijfsobject in gebruik,1933,Pand in gebruik,0344100000052130
0344010000170190,industriefunctie,211,Verblijfsobject in gebruik,1875,Pand in gebruik,0344100000138549
0344010000112308,kantoorfunctie,532,Verblijfsobject in gebruik,1930,Pand in gebruik,0344100000023803
0344010000156099,bijeenkomstfunctie,932,Verblijfsobject in gebruik,1953,Pand in gebruik,0344100000022161
0344010000112873,industriefunctie,11,Verblijfsobject in gebruik,1983,Pand in gebruik,0344100000033909
0344010000112309,kantoorfunctie,909,Verblijfsobject in gebruik,1992,Pand in gebruik,0344100000036720
0344010000112872,industriefunctie,11,Verblijfsobject in gebruik,1985,Pand in gebruik,0344100000055411
0344010000097875,industriefunctie;kantoorfunctie,1219,Verblijfsobject in gebruik,2002,Pand in gebruik,0344100000045197
0344010000107169,industriefunctie;kantoorfunctie,642,Verblijfsobject in gebruik,2008,Pand in gebruik,0344100000045196
0344010000035950,bijeenkomstfunctie;industriefunctie;onderwijsfunctie,962,Verblijfsobject in gebruik,1879,Pand in gebruik,0344100000073882
0344010000156257,kantoorfunctie,1360,Verblijfsobject in gebruik,1970,Pand in gebruik,0344100000023875
0344010000007911,industriefunctie;kantoorfunctie,4900,Verbouwing verblijfsobject,1987,Pand in gebruik,0344100000030122
0344010000007913,kantoorfunctie,5483,Verblijfsobject in gebruik,1987,Pand in gebruik,0344100000030122
0344010000056752,woonfunctie,105,Verblijfsobject in gebruik,1936,Pand in gebruik,0344100000081220
0344010000056753,woonfunctie,100,Verblijfsobject in gebruik,1936,Pand in gebruik,0344100000048782
0344010000146796,woonfunctie,115,Verblijfsobject in gebruik,1936,Pand in gebruik,0344100000002222
0344010000122392,woonfunctie,117,Verblijfsobject in gebruik,1941,Pand in gebruik,0344100000024703
0344010000052355,woonfunctie,100,Verblijfsobject in gebruik,1936,Pand in gebruik,0344100000024704
0344010000147349,woonfunctie,100,Verblijfsobject in gebruik,1941,Pand in gebruik,0344100000021219
0344010000052356,woonfunctie,95,Verblijfsobject in gebruik,1941,Pand in gebruik,0344100000041421
0344010000052357,woonfunctie,100,Verblijfsobject in gebruik,1941,Pand in gebruik,0344100000007405
0344010000052358,woonfunctie,100,Verblijfsobject in gebruik,1941,Pand in gebruik,0344100000047608
0344010000052359,woonfunctie,100,Verblijfsobject in gebruik,1941,Pand in gebruik,0344100000025800
0344010000156159,woonfunctie,100,Verblijfsobject in gebruik,1941,Pand in gebruik,0344100000022941
0344010000052360,woonfunctie,112,Verblijfsobject in gebruik,1941,Pand in gebruik,0344100000029909
0344010000147350,woonfunctie,149,Verblijfsobject in gebruik,1936,Pand in gebruik,0344100000079125
0344010000122393,woonfunctie,203,Verblijfsobject in gebruik,1992,Pand in gebruik,0344100000055618
0344010000217187,kantoorfunctie,169,Verblijfsobject in gebruik,2025,Pand in gebruik,0344100000160400
0344010000052362,woonfunctie,170,Verblijfsobject in gebruik,1950,Pand in gebruik,0344100000079185
0344020000000114,ligplaats,,Plaats aangewezen,,,
0344030000000028,standplaats,,Plaats aangewezen,,,
0344030000000108,standplaats,,Plaats aangewezen,,,
0344030000000061,standplaats,,Plaats aangewezen,,,
0344010000054250,bijeenkomstfunctie;industriefunctie,48,Verblijfsobject in gebruik,1450,Pand in gebruik,0344100000055829
0344010000054258,kantoorfunctie;woonfunctie,110,Verblijfsobject in gebruik,1913,Pand in gebruik,0344100000037115
0344010000146618,woonfunctie,138,Verblijfsobject in gebruik,1913,Pand in gebruik,0344100000037115
0344010000054323,woonfunctie,113,Verblijfsobject in gebruik,1913,Pand in gebruik,0344100000037115
0344010000054325,woonfunctie,150,Verblijfsobject in gebruik,1871,Pand in gebruik,0344100000031914
0344010000054324,bijeenkomstfunctie;industriefunctie,145,Verblijfsobject in gebruik,1871,Pand in gebruik,0344100000031914
0344010000054326,bijeenkomstfunctie,200,Verblijfsobject in gebruik,1382,Pand in gebruik,0344100000039864
0344010000054327,bijeenkomstfunctie,128,Verblijfsobject in gebruik,1928,Pand in gebruik,0344100000039778
0344010000156357,overige gebruiksfunctie,11,Verblijfsobject in gebruik,1960,Pand in gebruik,0344100000051237
0344010000054328,woonfunctie,277,Verblijfsobject in gebruik,1877,Pand in gebruik,0344100000024581
0344010000156821,woonfunctie,220,Verblijfsobject in gebruik,1877,Pand in gebruik,0344100000060915
0344010000146739,woonfunctie,110,Verblijfsobject in gebruik,1877,Pand in gebruik,0344100000060915
0344010000053003,onderwijsfunctie,1053,Verblijfsobject in gebruik,1925,Pand in gebruik,0344100000079455
0344010000053005,woonfunctie,127,Verblijfsobject in gebruik,1900,Pand in gebruik,0344100000066451
0344010000053004,bijeenkomstfunctie;industriefunctie,114,Verblijfsobject in gebruik,1900,Pand in gebruik,0344100000066451
0344010000054249,woonfunctie,184,Verblijfsobject in gebruik,1900,Pand in gebruik,0344100000024387
0344010000054248,bijeenkomstfunctie;industriefunctie,70,Verblijfsobject in gebruik,1900,Pand in gebruik,0344100000024387
0344010000077581,kantoorfunctie;woonfunctie,255,Verblijfsobject in gebruik,1972,Pand in gebruik,0344100000028099
0344010000077738,overige gebruiksfunctie,11,Verblijfsobject in gebruik,1970,Pand in gebruik,0344100000073495
0344010000122186,kantoorfunctie;woonfunctie,196,Verblijfsobject in gebruik,1972,Pand in gebruik,0344100000023049
0344010000153423,kantoorfunctie;woonfunctie,328,Verbouwing verblijfsobject,1971,Verbouwing pand,0344100000078297
0344010000104522,woonfunctie,264,Verblijfsobject in gebruik,2008,Pand in gebruik,0344100000011565
0344010000077739,woonfunctie,267,Verblijfsobject in gebruik,1973,Pand in gebruik,0344100000047021
0344010000077740,kantoorfunctie;woonfunctie,130,Verblijfsobject in gebruik,1971,Pand in gebruik,0344100000018842
0356010000065879,bijeenkomstfunctie,18,Verblijfsobject in gebruik,2015,Pand in gebruik,0356100000124610
0344010000135990,bijeenkomstfunctie;industriefunctie;onderwijsfunctie,1296,Verblijfsobject in gebruik,1984,Pand in gebruik,0344100000081087
0344010000223091,bijeenkomstfunctie;onderwijsfunctie,8690,Verblijfsobject gevormd,2027,Bouwvergunning verleend,0344100000161870
0344010000160211,industriefunctie,23542,Verblijfsobject in gebruik,2013,Pand in gebruik,0344100000134559
0344010000055805,woonfunctie,53,Verblijfsobject in gebruik,1903,Pand in gebruik,0344100000005049
0344010000148208,woonfunctie,108,Verblijfsobject in gebruik,1903,Pand in gebruik,0344100000008900
0344010000055808,woonfunctie,53,Verblijfsobject in gebruik,1903,Pand in gebruik,0344100000008900
0344010000123099,woonfunctie,95,Verblijfsobject in gebruik,1903,Pand in gebruik,0344100000039635
0344010000055810,woonfunctie,53,Verblijfsobject in gebruik,1903,Pand in gebruik,0344100000039635
0344010000200403,woonfunctie,127,Verblijfsobject in gebruik,2024,Pand in gebruik,0344100000152782
0344010000200404,woonfunctie,127,Verblijfsobject in gebruik,2024,Pand in gebruik,0344100000152782
0344010000200405,woonfunctie,127,Verblijfsobject in gebruik,2024,Pand in gebruik,0344100000152782
0344010000200406,woonfunctie,127,Verblijfsobject in gebruik,2024,Pand in gebruik,0344100000152782
0344010000200408,woonfunctie,223,Verblijfsobject in gebruik,2024,Pand in gebruik,0344100000152782
0344010000200409,woonfunctie,83,Verblijfsobject in gebruik,2024,Pand in gebruik,0344100000152782
0344010000200410,woonfunctie,106,Verblijfsobject in gebruik,2024,Pand in gebruik,0344100000152782
0344010000200411,woonfunctie,106,Verblijfsobject in gebruik,2024,Pand in gebruik,0344100000152782
0344010000200412,woonfunctie,106,Verblijfsobject in gebruik,2024,Pand in gebruik,0344100000152782
0344010000200413,woonfunctie,123,Verblijfsobject in gebruik,2024,Pand in gebruik,0344100000152782
0344010000200414,woonfunctie,146,Verblijfsobject in gebruik,2024,Pand in gebruik,0344100000152782
0344010000200415,woonfunctie,83,Verblijfsobject in gebruik,2024,Pand in gebruik,0344100000152782
0344010000200416,woonfunctie,106,Verblijfsobject in gebruik,2024,Pand in gebruik,0344100000152782
0344010000200418,woonfunctie,106,Verblijfsobject in gebruik,2024,Pand in gebruik,0344100000152782
0344010000200421,woonfunctie,83,Verblijfsobject in gebruik,2024,Pand in gebruik,0344100000152782
0344010000200423,woonfunctie,106,Verblijfsobject in gebruik,2024,Pand in gebruik,0344100000152782
0344010000200428,woonfunctie,146,Verblijfsobject in gebruik,2024,Pand in gebruik,0344100000152782
0344010000200430,woonfunctie,146,Verblijfsobject in gebruik,2024,Pand in gebruik,0344100000152782
0344010000200432,woonfunctie,146,Verblijfsobject in gebruik,2024,Pand in gebruik,0344100000152782
0344010000200433,woonfunctie,266,Verblijfsobject in gebruik,2024,Pand in gebruik,0344100000152782
0344010000175518,industriefunctie;bijeenkomstfunctie;kantoorfunctie,69303,Verblijfsobject in gebruik,2025,Pand in gebruik,0344100000141858
0344010000118504,woonfunctie,93,Verblijfsobject in gebruik,2007,Pand in gebruik,0344100000073193
0344010000099109,woonfunctie,93,Verblijfsobject in gebruik,2007,Pand in gebruik,0344100000070861
0344010000127878,woonfunctie,93,Verblijfsobject in gebruik,2007,Pand in gebruik,0344100000020028
0344010000099680,woonfunctie,93,Verblijfsobject in gebruik,2007,Pand in gebruik,0344100000027227
0344010000118505,woonfunctie,93,Verblijfsobject in gebruik,2007,Pand in gebruik,0344100000039617
0344010000099681,woonfunctie,93,Verblijfsobject in gebruik,2007,Pand in gebruik,0344100000049104
0344010000099682,woonfunctie,93,Verblijfsobject in gebruik,2007,Pand in gebruik,0344100000081892
0344010000118506,woonfunctie,92,Verblijfsobject in gebruik,2007,Pand in gebruik,0344100000011596
0344010000107276,woonfunctie,353,Verblijfsobject in gebruik,2008,Pand in gebruik,0344100000055394
0344010000125085,woonfunctie,329,Verblijfsobject in gebruik,1973,Pand in gebruik,0344100000059259
0344010000155656,woonfunctie,225,Verbouwing verblijfsobject,1973,Pand in gebruik,0344100000047774
0344010000114747,kantoorfunctie,2783,Verblijfsobject in gebruik,2008,Pand in gebruik,0344100000082745
0344010000192958,kantoorfunctie,3489,Verblijfsobject gevormd,2020,Bouwvergunning verleend,0344100000149574
0344010000097459,industriefunctie;kantoorfunctie,4830,Verblijfsobject in gebruik,2004,Pand in gebruik,0344100000006944
0344010000168850,woonfunctie,36,Verblijfsobject in gebruik,1935,Pand in gebruik,0344100000059865
0344010000057028,woonfunctie,108,Verblijfsobject in gebruik,1935,Pand in gebruik,0344100000029138
0344010000057030,woonfunctie,84,Verblijfsobject in gebruik,1935,Pand in gebruik,0344100000003518
0344010000146497,woonfunctie,70,Verblijfsobject in gebruik,1919,Pand in gebruik,0344100000079832
0344010000194150,woonfunctie,150,Verblijfsobject in gebruik,1990,Pand in gebruik,0344100000069653
0344010000194151,woonfunctie,83,Verblijfsobject in gebruik,1990,Pand in gebruik,0344100000069653
0344010000168852,woonfunctie,90,Verblijfsobject in gebruik,1935,Pand in gebruik,0344100000059865
0344010000055782,woonfunctie,53,Verblijfsobject in gebruik,1919,Pand in gebruik,0344100000047877
0344010000055783,woonfunctie,67,Verblijfsobject in gebruik,1919,Pand in gebruik,0344100000005115
0344010000158663,woonfunctie,45,Verblijfsobject in gebruik,1935,Pand in gebruik,0344100000059864
0344010000158662,woonfunctie,36,Verblijfsobject in gebruik,1935,Pand in gebruik,0344100000059864
0344010000158661,woonfunctie,32,Verblijfsobject in gebruik,1935,Pand in gebruik,0344100000059864
0344010000123097,woonfunctie,87,Verblijfsobject in gebruik,1913,Pand in gebruik,0344100000057441
0344010000055786,woonfunctie,69,Verblijfsobject in gebruik,1935,Pand in gebruik,0344100000068495
0344010000146496,woonfunctie,87,Verblijfsobject in gebruik,1935,Pand in gebruik,0344100000053480
0344010000047346,woonfunctie,80,Verblijfsobject in gebruik,1919,Pand in gebruik,0344100000073585
0344010000047353,woonfunctie,81,Verblijfsobject in gebruik,1915,Pand in gebruik,0344100000012372
0344010000147269,woonfunctie,81,Verblijfsobject in gebruik,1915,Pand in gebruik,0344100000064729
0344010000047347,woonfunctie,81,Verblijfsobject in gebruik,1919,Pand in gebruik,0344100000044100
0344010000047349,woonfunctie,81,Verblijfsobject in gebruik,1919,Pand in gebruik,0344100000082336
0344010000047350,woonfunctie,80,Verblijfsobject in gebruik,1919,Pand in gebruik,0344100000082335
0344010000147268,industriefunctie,180,Verblijfsobject in gebruik,1930,Pand in gebruik,0344100000071911
0344010000193830,overige gebruiksfunctie,58,Verblijfsobject in gebruik,2020,Pand in gebruik,0344100000149575
0344010000097933,bijeenkomstfunctie;industriefunctie,600,Verblijfsobject in gebruik,2003,Pand in gebruik,0344100000065466
0344010000003599,industriefunctie;kantoorfunctie,255,Verblijfsobject in gebruik,1919,Pand in gebruik,0344100000041026
0344010000118508,woonfunctie,93,Verblijfsobject in gebruik,2007,Pand in gebruik,0344100000062798
0344010000099687,woonfunctie,93,Verblijfsobject in gebruik,2007,Pand in gebruik,0344100000072424
0344010000099688,woonfunctie,93,Verblijfsobject in gebruik,2007,Pand in gebruik,0344100000029009
0344010000118509,woonfunctie,93,Verblijfsobject in gebruik,2007,Pand in gebruik,0344100000038611
0344010000099689,woonfunctie,93,Verblijfsobject in gebruik,2007,Pand in gebruik,0344100000062812
0344010000099690,woonfunctie,93,Verblijfsobject in gebruik,2007,Pand in gebruik,0344100000009392
0344010000118510,woonfunctie,93,Verblijfsobject in gebruik,2007,Pand in gebruik,0344100000017118
0344010000099691,woonfunctie,93,Verblijfsobject in gebruik,2007,Pand in gebruik,0344100000052024
0344010000099692,woonfunctie,92,Verblijfsobject in gebruik,2007,Pand in gebruik,0344100000063416
0344010000144307,woonfunctie,66,Verblijfsobject in gebruik,1904,Pand in gebruik,0344100000076144
0344010000047251,woonfunctie,56,Verblijfsobject in gebruik,1904,Pand in gebruik,0344100000076144
0344010000123730,woonfunctie,122,Verblijfsobject in gebruik,1904,Pand in gebruik,0344100000037251
0344010000047252,woonfunctie,125,Verblijfsobject in gebruik,1904,Pand in gebruik,0344100000045331
0344010000107308,woonfunctie,37,Verblijfsobject in gebruik,1903,Pand in gebruik,0344100000062416
0344010000107309,woonfunctie,42,Verblijfsobject in gebruik,1903,Pand in gebruik,0344100000062416
0344010000010912,woonfunctie,102,Verblijfsobject in gebruik,1968,Pand in gebruik,0344100000019411
0344010000010913,woonfunctie,86,Verblijfsobject in gebruik,1968,Pand in gebruik,0344100000019411
0344010000121271,kantoorfunctie;woonfunctie,55,Verblijfsobject in gebruik,1968,Pand in gebruik,0344100000019411
0344010000132403,woonfunctie,85,Verblijfsobject in gebruik,1968,Pand in gebruik,0344100000019411
0344010000010914,woonfunctie,85,Verblijfsobject in gebruik,1968,Pand in gebruik,0344100000019411
0344010000035582,woonfunctie,55,Verblijfsobject in gebruik,1968,Pand in gebruik,0344100000019411
0344010000121272,woonfunctie,85,Verblijfsobject in gebruik,1968,Pand in gebruik,0344100000019411
0344010000121273,woonfunctie,85,Verblijfsobject in gebruik,1968,Pand in gebruik,0344100000019411
0344010000010917,woonfunctie,85,Verblijfsobject in gebruik,1968,Pand in gebruik,0344100000019411
0344010000121274,woonfunctie,55,Verblijfsobject in gebruik,1968,Pand in gebruik,0344100000019411
0344010000010918,woonfunctie,85,Verblijfsobject in gebruik,1968,Pand in gebruik,0344100000019411
0344010000035583,woonfunctie,85,Verblijfsobject in gebruik,1968,Pand in gebruik,0344100000019411
0344010000010919,woonfunctie,55,Verblijfsobject in gebruik,1968,Pand in gebruik,0344100000019411
0344010000121275,woonfunctie,85,Verblijfsobject in gebruik,1968,Pand in gebruik,0344100000019411
0344010000035584,woonfunctie,55,Verblijfsobject in gebruik,1968,Pand in gebruik,0344100000019411
0344010000121276,woonfunctie,85,Verblijfsobject in gebruik,1968,Pand in gebruik,0344100000019411
0344010000010921,woonfunctie,55,Verblijfsobject in gebruik,1968,Pand in gebruik,0344100000019411
0344010000010924,woonfunctie,85,Verblijfsobject in gebruik,1968,Pand in gebruik,0344100000019411
0344010000121278,woonfunctie,85,Verblijfsobject in gebruik,1968,Pand in gebruik,0344100000019411
0344010000010460,woonfunctie,55,Verblijfsobject in gebruik,1968,Pand in gebruik,0344100000019411
0344010000063976,woonfunctie,185,Verblijfsobject in gebruik,1919,Pand in gebruik,0344100000033080
0344010000125496,industriefunctie;woonfunctie,5,Verblijfsobject in gebruik,1919,Pand in gebruik,0344100000028415
0344010000168851,woonfunctie,40,Verblijfsobject in gebruik,1935,Pand in gebruik,0344100000059865
0344010000149632,woonfunctie,63,Verblijfsobject in gebruik,1919,Pand in gebruik,0344100000005115
0344010000060946,,,,,,
0344010000205294,kantoorfunctie,278,Verblijfsobject in gebruik (niet ingemeten),1919,Pand in gebruik (niet ingemeten),0344100000012711
0344010000205295,kantoorfunctie,2461,Verblijfsobject in gebruik (niet ingemeten),1919,Pand in gebruik (niet ingemeten),0344100000012711
0344010000060947,,,,,,
0344010000205296,kantoorfunctie,2040,Verblijfsobject in gebruik (niet ingemeten),1919,Pand in gebruik (niet ingemeten),0344100000012711
0344010000060948,,,,,,
0344010000205297,kantoorfunctie,837,Verblijfsobject in gebruik (niet ingemeten),1919,Pand in gebruik (niet ingemeten),0344100000012711
0344010000060949,,,,,,
0344010000205298,kantoorfunctie,871,Verblijfsobject in gebruik (niet ingemeten),1919,Pand in gebruik (niet ingemeten),0344100000012711
0344010000205299,kantoorfunctie,373,Verblijfsobject in gebruik (niet ingemeten),1919,Pand in gebruik (niet ingemeten),0344100000012711
0344010000205300,kantoorfunctie,920,Verblijfsobject in gebruik (niet ingemeten),1919,Pand in gebruik (niet ingemeten),0344100000012711
0344010000125866,woonfunctie,103,Verblijfsobject in gebruik,1954,Pand in gebruik,0344100000082518
0344010000065326,woonfunctie,103,Verblijfsobject in gebruik,1954,Pand in gebruik,0344100000027219
0344010000065327,woonfunctie,103,Verblijfsobject in gebruik,1954,Pand in gebruik,0344100000062301
0344010000071022,woonfunctie,89,Verblijfsobject in gebruik,1919,Pand in gebruik,0344100000038741
0344010000071023,woonfunctie,75,Verblijfsobject in gebruik,1919,Pand in gebruik,0344100000038741
0344010000151761,woonfunctie,63,Verblijfsobject in gebruik,1919,Pand in gebruik,0344100000038741
0344010000210722,kantoorfunctie,329,Verblijfsobject in gebruik,1919,Pand in gebruik,0344100000038741
0344010000205301,bijeenkomstfunctie,334,Verblijfsobject in gebruik (niet ingemeten),1919,Pand in gebruik (niet ingemeten),0344100000012711
0344010000205302,bijeenkomstfunctie,372,Verblijfsobject in gebruik (niet ingemeten),1919,Pand in gebruik (niet ingemeten),0344100000012711
0344010000189080,bijeenkomstfunctie,837,Verblijfsobject in gebruik,1972,Pand in gebruik,0344100000020303
0344010000175523,woonfunctie,89,Verblijfsobject in gebruik,2017,Pand in gebruik,0344100000142916
0344010000175524,woonfunctie,89,Verblijfsobject in gebruik,2017,Pand in gebruik,0344100000142916
0344010000175526,woonfunctie,86,Verblijfsobject in gebruik,2017,Pand in gebruik,0344100000142916
0344010000175527,woonfunctie,93,Verblijfsobject in gebruik,2017,Pand in gebruik,0344100000142916
0344010000175528,woonfunctie,89,Verblijfsobject in gebruik,2017,Pand in gebruik,0344100000142916
0344010000175531,woonfunctie,84,Verblijfsobject in gebruik,2017,Pand in gebruik,0344100000142916
0344010000175532,woonfunctie,89,Verblijfsobject in gebruik,2017,Pand in gebruik,0344100000142916
0344010000175535,woonfunctie,93,Verblijfsobject in gebruik,2017,Pand in gebruik,0344100000142916
0344010000175536,woonfunctie,89,Verblijfsobject in gebruik,2017,Pand in gebruik,0344100000142916
0344010000175540,woonfunctie,89,Verblijfsobject in gebruik,2017,Pand in gebruik,0344100000142916
0344010000122043,industriefunctie;onderwijsfunctie,520,Verblijfsobject in gebruik,1975,Pand in gebruik,0344100000071597
0344010000173217,overige gebruiksfunctie,9,Verblijfsobject in gebruik,2018,Pand in gebruik,0344100000141443
0344010000173218,overige gebruiksfunctie,10,Verblijfsobject in gebruik,2018,Pand in gebruik,0344100000141443
0344010000092869,onderwijsfunctie,16769,Verblijfsobject in gebruik,2003,Pand in gebruik,0344100000021173
0344010000159580,onderwijsfunctie,7802,Verblijfsobject in gebruik,2013,Pand in gebruik,0344100000134000
0344010000173216,kantoorfunctie,16674,Verblijfsobject in gebruik,2018,Pand in gebruik,0344100000141443
0344010000102361,industriefunctie;kantoorfunctie,2555,Verblijfsobject in gebruik,2007,Pand in gebruik,0344100000017457
0344010000106750,industriefunctie;kantoorfunctie,1700,Verblijfsobject in gebruik,2009,Pand in gebruik,0344100000023246
0344010000073778,overige gebruiksfunctie;woonfunctie,120,Verblijfsobject in gebruik,1919,Pand in gebruik,0344100000064485
0344010000073783,bijeenkomstfunctie;onderwijsfunctie,490,Verblijfsobject in gebruik,1950,Pand in gebruik,0344100000041025
0344010000126320,woonfunctie,96,Verblijfsobject in gebruik,1850,Pand in gebruik,0344100000024258
0344010000094692,woonfunctie,116,Verblijfsobject in gebruik,1850,Pand in gebruik,0344100000024258
0344010000069471,woonfunctie,148,Verblijfsobject in gebruik,1450,Pand in gebruik,0344100000005581
0344010000022670,kantoorfunctie;overige gebruiksfunctie,65,Verblijfsobject in gebruik,1993,Pand in gebruik,0344100000043451
0344010000155998,overige gebruiksfunctie,11,Verblijfsobject in gebruik,1993,Pand in gebruik,0344100000060867
0344010000111729,overige gebruiksfunctie,11,Verblijfsobject in gebruik,1993,Pand in gebruik,0344100000033915
0344010000168807,overige gebruiksfunctie,525,Verblijfsobject in gebruik,2014,Pand in gebruik,0344100000139701
0356010000061545,sportfunctie,841,Verblijfsobject in gebruik,2004,Pand in gebruik,0356100000063386
0356010000065870,bijeenkomstfunctie,100,Verblijfsobject in gebruik,2015,Pand in gebruik,0356100000124512
0356010000061558,sportfunctie,508,Verblijfsobject in gebruik,2004,Pand in gebruik,0356100000063387
0356010000061559,sportfunctie,548,Verblijfsobject in gebruik,2004,Pand in gebruik,0356100000063388
0356010000061560,sportfunctie,373,Verblijfsobject in gebruik,2004,Pand in gebruik,0356100000063389
0344010000044741,woonfunctie,92,Verblijfsobject in gebruik,1919,Pand in gebruik,0344100000038741
0344010000124733,woonfunctie,75,Verblijfsobject in gebruik,1919,Pand in gebruik,0344100000038741
0344010000034885,woonfunctie,63,Verblijfsobject in gebruik,1919,Pand in gebruik,0344100000038741
0310010000696121,woonfunctie,646,Verblijfsobject in gebruik,1896,Pand in gebruik,0310100000669425
0344010000200798,overige gebruiksfunctie,31,Verblijfsobject in gebruik,2022,Pand in gebruik,0344100000154013
0344010000177437,overige gebruiksfunctie,9,Verblijfsobject in gebruik,2018,Pand in gebruik,0344100000143569
0344010000177438,overige gebruiksfunctie,9,Verblijfsobject in gebruik,2018,Pand in gebruik,0344100000143569
0344010000177436,bijeenkomstfunctie;industriefunctie;kantoorfunctie,10482,Verblijfsobject in gebruik,2018,Pand in gebruik,0344100000143569
0344010000132352,bijeenkomstfunctie;onderwijsfunctie,8231,Verblijfsobject in gebruik,1995,Pand in gebruik,0344100000005092
0344010000112109,overige gebruiksfunctie,176,Verblijfsobject in gebruik,2013,Pand in gebruik,0344100000082578
0344010000112110,overige gebruiksfunctie,176,Verblijfsobject in gebruik,2013,Pand in gebruik,0344100000082578
0344010000127883,kantoorfunctie;industriefunctie,5590,Verblijfsobject in gebruik,2005,Pand in gebruik,0344100000037944
0344010000099172,industriefunctie;kantoorfunctie,7639,Verblijfsobject in gebruik,2005,Pand in gebruik,0344100000037944
0344010000106862,industriefunctie;woonfunctie,7639,Verblijfsobject in gebruik,2005,Pand in gebruik,0344100000037944
0344010000094284,kantoorfunctie,14456,Verblijfsobject in gebruik,2004,Pand in gebruik,0344100000006070
0344010000080702,woonfunctie,70,Verblijfsobject in gebruik,1951,Pand in gebruik,0344100000007547
0312010000005798,industriefunctie;woonfunctie,171,Verblijfsobject in gebruik,1987,Pand in gebruik,0312100000008157
0312010000005799,kantoorfunctie;woonfunctie,439,Verblijfsobject in gebruik,1800,Pand in gebruik,0312100000008154
0312010000005800,woonfunctie,112,Verblijfsobject in gebruik,1800,Pand in gebruik,0312100000008156
0344010000072001,woonfunctie,148,Verblijfsobject in gebruik,1936,Pand in gebruik,0344100000067905
0344010000072003,woonfunctie,138,Verblijfsobject in gebruik,1936,Pand in gebruik,0344100000022820
0344010000152744,woonfunctie,110,Verblijfsobject in gebruik,1936,Pand in gebruik,0344100000065753
0344010000072005,woonfunctie,112,Verblijfsobject in gebruik,1936,Pand in gebruik,0344100000017925
0344010000072007,woonfunctie,109,Verblijfsobject in gebruik,1936,Pand in gebruik,0344100000071031
0344010000072008,woonfunctie,105,Verblijfsobject in gebruik,1936,Pand in gebruik,0344100000038353
0344010000072010,woonfunctie,101,Verblijfsobject in gebruik,1936,Pand in gebruik,0344100000076125
0344010000157779,woonfunctie,103,Verblijfsobject in gebruik,1936,Pand in gebruik,0344100000070972
0344010000072012,woonfunctie,101,Verblijfsobject in gebruik,1936,Pand in gebruik,0344100000043075
0344010000078220,kantoorfunctie;woonfunctie,85,Verblijfsobject in gebruik,1900,Pand in gebruik,0344100000067201
0344010000155388,woonfunctie,135,Verblijfsobject in gebruik,1913,Pand in gebruik,0344100000051572
0344010000078221,woonfunctie,104,Verblijfsobject in gebruik,1913,Pand in gebruik,0344100000051572
0344010000078222,woonfunctie,55,Verblijfsobject in gebruik,1930,Pand in gebruik,0344100000044461
0344010000128096,woonfunctie,84,Verblijfsobject in gebruik,1930,Pand in gebruik,0344100000044461
0344010000126925,woonfunctie,55,Verblijfsobject in gebruik,1930,Pand in gebruik,0344100000044461
0344010000078223,woonfunctie,176,Verblijfsobject in gebruik,1850,Pand in gebruik,0344100000030726
0344010000194132,woonfunctie,68,Verblijfsobject in gebruik,1850,Pand in gebruik,0344100000022345
0344010000201657,kantoorfunctie,155,Verblijfsobject in gebruik,1904,Pand in gebruik,0344100000078084
0344010000201656,bijeenkomstfunctie,155,Verblijfsobject in gebruik,1890,Pand in gebruik,0344100000078083
0344010000078218,industriefunctie;kantoorfunctie,166,Verblijfsobject in gebruik,1890,Pand in gebruik,0344100000078083
0344010000084070,industriefunctie;kantoorfunctie,99,Verblijfsobject in gebruik,1890,Pand in gebruik,0344100000078083
0344010000084071,industriefunctie;kantoorfunctie,99,Verblijfsobject in gebruik,1890,Pand in gebruik,0344100000078083
0344010000078219,woonfunctie,161,Verblijfsobject in gebruik,1890,Pand in gebruik,0344100000009503
0344010000099017,woonfunctie,203,Verblijfsobject in gebruik,2006,Pand in gebruik,0344100000066204
0344010000074936,bijeenkomstfunctie,1481,Verbouwing verblijfsobject,1926,Verbouwing pand,0344100000078357
0344010000074937,logiesfunctie,1977,Verbouwing verblijfsobject,1926,Verbouwing pand,0344100000078357
0344010000118360,woonfunctie,270,Verblijfsobject in gebruik,1926,Pand in gebruik,0344100000056562
0344010000074938,woonfunctie,328,Verblijfsobject in gebruik,1906,Pand in gebruik,0344100000005856
0344010000074939,woonfunctie,153,Verblijfsobject in gebruik,1919,Pand in gebruik,0344100000043526
0344010000074940,woonfunctie,180,Verblijfsobject in gebruik,1919,Pand in gebruik,0344100000043525
0344010000074941,woonfunctie,180,Verblijfsobject in gebruik,1919,Pand in gebruik,0344100000028126
0344010000153229,kantoorfunctie;woonfunctie,180,Verblijfsobject in gebruik,1926,Pand in gebruik,0344100000053502
0344010000074942,kantoorfunctie;woonfunctie,190,Verblijfsobject in gebruik,1919,Pand in gebruik,0344100000053503
0344010000125901,woonfunctie,163,Verblijfsobject in gebruik,1926,Pand in gebruik,0344100000063637
0356010000056905,woonfunctie,118,Verblijfsobject in gebruik,1995,Pand in gebruik,0356100000064635
0356010000056906,woonfunctie,133,Verblijfsobject in gebruik,1995,Pand in gebruik,0356100000064634
0356010000056907,woonfunctie,118,Verblijfsobject in gebruik,1995,Pand in gebruik,0356100000064633
0356010000056908,woonfunctie,146,Verblijfsobject in gebruik,1995,Pand in gebruik,0356100000064632
0356010000056909,woonfunctie,145,Verblijfsobject in gebruik,1995,Pand in gebruik,0356100000064540
0356010000056910,woonfunctie,118,Verblijfsobject in gebruik,1995,Pand in gebruik,0356100000064539
0356010000056911,woonfunctie,118,Verblijfsobject in gebruik,1995,Pand in gebruik,0356100000064538
0356010000056912,woonfunctie,118,Verblijfsobject in gebruik,1995,Pand in gebruik,0356100000064537
0356010000056913,woonfunctie,138,Verblijfsobject in gebruik,1995,Pand in gebruik,0356100000064536
0356010000056914,woonfunctie,118,Verblijfsobject in gebruik,1995,Pand in gebruik,0356100000064535
0356010000056915,woonfunctie,132,Verblijfsobject in gebruik,1995,Pand in gebruik,0356100000064534
0356010000056916,woonfunctie,118,Verblijfsobject in gebruik,1995,Pand in gebruik,0356100000064533
0356010000056917,woonfunctie,118,Verblijfsobject in gebruik,1995,Pand in gebruik,0356100000064532
0356010000056918,woonfunctie,118,Verblijfsobject in gebruik,1995,Pand in gebruik,0356100000064531
0344010000190097,overige gebruiksfunctie,5,Verblijfsobject in gebruik,2020,Pand in gebruik,0344100000149508
0344010000190003,overige gebruiksfunctie,6,Verblijfsobject in gebruik,2022,Pand in gebruik,0344100000149498
0344010000189956,woonfunctie,81,Verblijfsobject in gebruik,2022,Pand in gebruik,0344100000149498
0344010000189957,woonfunctie,84,Verblijfsobject in gebruik,2022,Pand in gebruik,0344100000149498
0344010000189960,woonfunctie,77,Verblijfsobject in gebruik,2022,Pand in gebruik,0344100000149498
0344010000189962,woonfunctie,103,Verblijfsobject in gebruik,2022,Pand in gebruik,0344100000149498
0344010000189963,woonfunctie,113,Verblijfsobject in gebruik,2022,Pand in gebruik,0344100000149498
0344010000189967,woonfunctie,103,Verblijfsobject in gebruik,2022,Pand in gebruik,0344100000149498
0344010000189974,woonfunctie,114,Verblijfsobject in gebruik,2022,Pand in gebruik,0344100000149498
0344010000189977,woonfunctie,77,Verblijfsobject in gebruik,2022,Pand in gebruik,0344100000149498
0344010000189988,woonfunctie,81,Verblijfsobject in gebruik,2022,Pand in gebruik,0344100000149498
0344010000189989,woonfunctie,84,Verblijfsobject in gebruik,2022,Pand in gebruik,0344100000149498
0344010000189990,woonfunctie,114,Verblijfsobject in gebruik,2022,Pand in gebruik,0344100000149498
0344010000189991,woonfunctie,103,Verblijfsobject in gebruik,2022,Pand in gebruik,0344100000149498
0344010000189992,woonfunctie,77,Verblijfsobject in gebruik,2022,Pand in gebruik,0344100000149498
0344010000189993,woonfunctie,77,Verblijfsobject in gebruik,2022,Pand in gebruik,0344100000149498
0344010000189994,woonfunctie,103,Verblijfsobject in gebruik,2022,Pand in gebruik,0344100000149498
0344010000189995,woonfunctie,113,Verblijfsobject in gebruik,2022,Pand in gebruik,0344100000149498
0344010000190000,woonfunctie,77,Verblijfsobject in gebruik,2022,Pand in gebruik,0344100000149498
0344010000190002,woonfunctie,138,Verblijfsobject in gebruik,2022,Pand in gebruik,0344100000149498
0344010000030945,woonfunctie,102,Verblijfsobject in gebruik,1982,Pand in gebruik,0344100000011833
0344010000003353,woonfunctie,52,Verblijfsobject in gebruik,1983,Pand in gebruik,0344100000042106
0344010000182823,woonfunctie,70,Verblijfsobject in gebruik,1983,Pand in gebruik,0344100000042106
0344010000182825,woonfunctie,70,Verblijfsobject in gebruik,1983,Pand in gebruik,0344100000042106
0344010000079474,woonfunctie,30,Verblijfsobject in gebruik,1983,Pand in gebruik,0344100000042106
0344010000079475,woonfunctie,28,Verblijfsobject in gebruik,1983,Pand in gebruik,0344100000042106
0344010000134910,woonfunctie,79,Verblijfsobject in gebruik,1983,Pand in gebruik,0344100000042106
0344010000128478,woonfunctie,27,Verblijfsobject in gebruik,1983,Pand in gebruik,0344100000042106
0344010000003356,woonfunctie,79,Verblijfsobject in gebruik,1983,Pand in gebruik,0344100000042106
0344010000003357,woonfunctie,34,Verblijfsobject in gebruik,1983,Pand in gebruik,0344100000042106
0344010000153958,woonfunctie,61,Verblijfsobject in gebruik,1926,Pand in gebruik,0344100000059048
0344010000079476,woonfunctie,63,Verblijfsobject in gebruik,1926,Pand in gebruik,0344100000040850
0344010000079477,woonfunctie,67,Verblijfsobject in gebruik,1926,Pand in gebruik,0344100000019409
0344010000079478,woonfunctie,85,Verblijfsobject in gebruik,1926,Pand in gebruik,0344100000011063
0344010000153959,woonfunctie,83,Verblijfsobject in gebruik,1926,Pand in gebruik,0344100000011062
0344010000031109,woonfunctie,92,Verblijfsobject in gebruik,1982,Pand in gebruik,0344100000075194
0344010000031110,woonfunctie,73,Verblijfsobject in gebruik,1982,Pand in gebruik,0344100000075194
0344010000031111,woonfunctie,85,Verblijfsobject in gebruik,1982,Pand in gebruik,0344100000075193
