pdok_vbo,view,vacant_sim,active_sim,margin
0310010000696121,0,-0.0487,-0.0724,0.0237
0310010000696121,180,-0.0487,-0.0724,0.0237
0310010000696121,270,-0.0487,-0.0724,0.0237
0310010000696121,90,-0.0487,-0.0724,0.0237
0312010000005798,0,-0.0487,-0.0724,0.0237
0312010000005798,180,-0.0487,-0.0724,0.0237
0312010000005798,270,-0.0487,-0.0724,0.0237
0312010000005798,90,-0.0487,-0.0724,0.0237
0312010000005799,0,-0.0487,-0.0724,0.0237
0312010000005799,180,-0.0487,-0.0724,0.0237
0312010000005799,270,-0.0487,-0.0724,0.0237
0312010000005799,90,-0.0487,-0.0724,0.0237
0312010000005800,0,-0.0487,-0.0724,0.0237
0312010000005800,180,-0.0487,-0.0724,0.0237
0312010000005800,270,-0.0487,-0.0724,0.0237
0312010000005800,90,-0.0487,-0.0724,0.0237
0344010000000100,0,0.0007,0.0182,-0.0174
0344010000000100,180,-0.0004,-0.0192,0.0188
0344010000000100,270,-0.012,0.0058,-0.0177
0344010000000100,90,-0.0084,0.0054,-0.0138
0344010000001787,0,0.0053,-0.0162,0.0215
0344010000001787,180,-0.0113,-0.0142,0.0029
0344010000001787,270,0.0105,0.0139,-0.0034
0344010000001787,90,0.0072,0.0245,-0.0173
0344010000003353,0,0.0332,0.0126,0.0206
0344010000003353,180,-0.0122,-0.0393,0.0271
0344010000003353,270,-0.0091,0.0009,-0.01
0344010000003353,90,-0.0005,0.0179,-0.0184
0344010000003356,0,0.0332,0.0126,0.0206
0344010000003356,180,-0.0122,-0.0393,0.0271
0344010000003356,270,-0.0091,0.0009,-0.01
0344010000003356,90,-0.0005,0.0179,-0.0184
0344010000003357,0,0.0332,0.0126,0.0206
0344010000003357,180,-0.0122,-0.0393,0.0271
0344010000003357,270,-0.0091,0.0009,-0.01
0344010000003357,90,-0.0005,0.0179,-0.0184
0344010000003599,0,-0.0006,-0.0049,0.0043
0344010000003599,180,0.0041,-0.0021,0.0062
0344010000003599,270,0.0249,-0.0004,0.0254
0344010000003599,90,0.0115,-0.0025,0.014
0344010000007911,180,-0.0014,0.0085,-0.0099
0344010000007911,270,0.008,0.0237,-0.0157
0344010000007911,90,-0.017,0.0015,-0.0185
0344010000007913,0,-0.0127,0.0158,-0.0286
0344010000007913,180,0.0078,0.0022,0.0057
0344010000007913,270,-0.0355,-0.0007,-0.0347
0344010000007913,90,-0.0085,0.0073,-0.0159
0344010000010460,0,-0.0154,-0.009,-0.0064
0344010000010460,180,-0.0202,-0.0036,-0.0166
0344010000010460,270,-0.0347,-0.0205,-0.0141
0344010000010460,90,-0.0054,0.0008,-0.0062
0344010000010912,0,-0.0154,-0.009,-0.0064
0344010000010912,180,-0.0202,-0.0036,-0.0166
0344010000010912,270,-0.0347,-0.0205,-0.0141
0344010000010912,90,-0.0054,0.0008,-0.0062
0344010000010913,0,-0.0154,-0.009,-0.0064
0344010000010913,180,-0.0202,-0.0036,-0.0166
0344010000010913,270,-0.0347,-0.0205,-0.0141
0344010000010913,90,-0.0054,0.0008,-0.0062
0344010000010914,0,-0.0154,-0.009,-0.0064
0344010000010914,180,-0.0202,-0.0036,-0.0166
0344010000010914,270,-0.0347,-0.0205,-0.0141
0344010000010914,90,-0.0054,0.0008,-0.0062
0344010000010917,0,-0.0154,-0.009,-0.0064
0344010000010917,180,-0.0202,-0.0036,-0.0166
0344010000010917,270,-0.0347,-0.0205,-0.0141
0344010000010917,90,-0.0054,0.0008,-0.0062
0344010000010918,0,-0.0154,-0.009,-0.0064
0344010000010918,180,-0.0202,-0.0036,-0.0166
0344010000010918,270,-0.0347,-0.0205,-0.0141
0344010000010918,90,-0.0054,0.0008,-0.0062
0344010000010919,0,-0.0154,-0.009,-0.0064
0344010000010919,180,-0.0202,-0.0036,-0.0166
0344010000010919,270,-0.0347,-0.0205,-0.0141
0344010000010919,90,-0.0054,0.0008,-0.0062
0344010000010921,0,-0.0154,-0.009,-0.0064
0344010000010921,180,-0.0202,-0.0036,-0.0166
0344010000010921,270,-0.0347,-0.0205,-0.0141
0344010000010921,90,-0.0054,0.0008,-0.0062
0344010000010924,0,-0.0154,-0.009,-0.0064
0344010000010924,180,-0.0202,-0.0036,-0.0166
0344010000010924,270,-0.0347,-0.0205,-0.0141
0344010000010924,90,-0.0054,0.0008,-0.0062
0344010000022670,0,0.0042,0.0064,-0.0022
0344010000022670,180,-0.0137,-0.0195,0.0058
0344010000022670,270,0.0061,-0.0153,0.0214
0344010000022670,90,-0.0081,-0.0128,0.0046
0344010000030945,0,-0.0062,-0.0098,0.0036
0344010000030945,180,-0.0224,-0.0188,-0.0036
0344010000030945,270,0.0027,-0.0127,0.0154
0344010000030945,90,-0.0041,-0.025,0.0209
0344010000031109,0,0.0075,-0.0042,0.0116
0344010000031109,180,-0.0043,-0.024,0.0198
0344010000031109,270,-0.0432,-0.0311,-0.012
0344010000031109,90,-0.0066,-0.0064,-0.0002
0344010000031110,0,0.0075,-0.0042,0.0116
0344010000031110,180,-0.0043,-0.024,0.0198
0344010000031110,270,-0.0432,-0.0311,-0.012
0344010000031110,90,-0.0066,-0.0064,-0.0002
0344010000031111,0,-0.012,-0.0519,0.04
0344010000031111,180,-0.0001,-0.0339,0.0338
0344010000031111,270,-0.0162,-0.0061,-0.0101
0344010000031111,90,-0.0043,0.0093,-0.0136
0344010000034885,0,-0.063,-0.0482,-0.0149
0344010000034885,180,-0.0228,-0.0274,0.0046
0344010000034885,270,-0.0027,-0.0147,0.0121
0344010000034885,90,-0.0164,-0.0328,0.0164
0344010000035582,0,-0.0154,-0.009,-0.0064
0344010000035582,180,-0.0202,-0.0036,-0.0166
0344010000035582,270,-0.0347,-0.0205,-0.0141
0344010000035582,90,-0.0054,0.0008,-0.0062
0344010000035583,0,-0.0154,-0.009,-0.0064
0344010000035583,180,-0.0202,-0.0036,-0.0166
0344010000035583,270,-0.0347,-0.0205,-0.0141
0344010000035583,90,-0.0054,0.0008,-0.0062
0344010000035584,0,-0.0154,-0.009,-0.0064
0344010000035584,180,-0.0202,-0.0036,-0.0166
0344010000035584,270,-0.0347,-0.0205,-0.0141
0344010000035584,90,-0.0054,0.0008,-0.0062
0344010000035950,0,0.0141,-0.0358,0.0499
0344010000035950,180,-0.0501,-0.0821,0.032
0344010000035950,270,0.0021,-0.0086,0.0108
0344010000035950,90,-0.0144,-0.0374,0.023
0344010000039328,0,0.0232,0.0054,0.0178
0344010000039328,180,-0.0366,0.0062,-0.0428
0344010000039328,270,-0.0492,-0.0025,-0.0468
0344010000039328,90,0.0214,0.0295,-0.0081
0344010000044741,0,-0.063,-0.0482,-0.0149
0344010000044741,180,-0.0228,-0.0274,0.0046
0344010000044741,270,-0.0027,-0.0147,0.0121
0344010000044741,90,-0.0164,-0.0328,0.0164
0344010000047169,0,-0.005,0.0147,-0.0196
0344010000047169,180,-0.0004,0.0112,-0.0117
0344010000047169,270,-0.0067,0.003,-0.0097
0344010000047169,90,-0.0151,-0.0027,-0.0124
0344010000047170,0,-0.0071,0.0019,-0.009
0344010000047170,180,-0.0033,-0.0016,-0.0017
0344010000047170,270,-0.0076,0.0024,-0.01
0344010000047170,90,-0.0141,0.01,-0.0241
0344010000047171,0,-0.0071,0.0019,-0.009
0344010000047171,180,-0.0033,-0.0016,-0.0017
0344010000047171,270,-0.0076,0.0024,-0.01
0344010000047171,90,-0.0141,0.01,-0.0241
0344010000047251,0,-0.0121,0.0056,-0.0177
0344010000047251,180,0.0054,-0.0113,0.0167
0344010000047251,270,-0.0286,-0.0052,-0.0234
0344010000047251,90,-0.0296,-0.0058,-0.0238
0344010000047252,0,0.0122,0.0208,-0.0086
0344010000047252,180,-0.0165,-0.0184,0.002
0344010000047252,270,-0.0128,-0.0031,-0.0097
0344010000047252,90,-0.0024,0.0035,-0.0059
0344010000047346,0,-0.0122,-0.021,0.0088
0344010000047346,180,-0.0065,-0.0115,0.0051
0344010000047346,270,0.0165,-0.0206,0.0371
0344010000047346,90,0.0058,-0.0245,0.0304
0344010000047347,0,-0.0122,-0.021,0.0088
0344010000047347,180,-0.0065,-0.0115,0.0051
0344010000047347,270,0.0165,-0.0206,0.0371
0344010000047347,90,0.0058,-0.0245,0.0304
0344010000047349,0,-0.0076,-0.022,0.0144
0344010000047349,180,-0.0122,-0.0075,-0.0047
0344010000047349,270,0.0028,-0.008,0.0108
0344010000047349,90,-0.0143,-0.0373,0.0231
0344010000047350,0,-0.0076,-0.022,0.0144
0344010000047350,180,-0.0122,-0.0075,-0.0047
0344010000047350,270,0.0028,-0.008,0.0108
0344010000047350,90,-0.0143,-0.0373,0.0231
0344010000047353,0,-0.0194,-0.0276,0.0082
0344010000047353,270,0.0155,0.0102,0.0054
0344010000047794,0,-0.0261,0.0149,-0.041
0344010000047794,180,-0.0232,-0.0124,-0.0108
0344010000047794,270,-0.035,-0.0303,-0.0046
0344010000047794,90,-0.0167,-0.0155,-0.0012
0344010000048496,0,-0.0221,-0.0119,-0.0102
0344010000048496,180,-0.0363,-0.0127,-0.0236
0344010000048496,270,0.0098,-0.0002,0.01
0344010000048496,90,-0.0054,-0.0095,0.0041
0344010000048498,0,-0.0221,-0.0119,-0.0102
0344010000048498,180,-0.0363,-0.0127,-0.0236
0344010000048498,270,0.0098,-0.0002,0.01
0344010000048498,90,-0.0054,-0.0095,0.0041
0344010000048501,0,-0.0153,-0.004,-0.0113
0344010000048501,180,-0.0202,-0.0051,-0.0151
0344010000048501,270,0.0015,0.0007,0.0008
0344010000048501,90,-0.0047,-0.0069,0.0022
0344010000048504,0,-0.0228,-0.0159,-0.0069
0344010000048504,180,-0.0193,-0.0116,-0.0078
0344010000048504,270,0.0096,0.0154,-0.0058
0344010000048504,90,0.0101,-0.0002,0.0103
0344010000052355,0,-0.0168,-0.0043,-0.0125
0344010000052355,180,0.0007,0.0055,-0.0048
0344010000052355,270,0.0041,0.0092,-0.0051
0344010000052355,90,-0.0193,-0.0139,-0.0055
0344010000052356,0,0.0017,-0.0063,0.008
0344010000052356,180,-0.0088,0.0163,-0.0251
0344010000052356,270,-0.0076,0.0074,-0.015
0344010000052356,90,-0.0168,-0.0102,-0.0066
0344010000052357,0,0.0017,-0.0063,0.008
0344010000052357,180,-0.0088,0.0163,-0.0251
0344010000052357,270,-0.0076,0.0074,-0.015
0344010000052357,90,-0.0168,-0.0102,-0.0066
0344010000052358,0,0.0017,-0.0063,0.008
0344010000052358,180,-0.0088,0.0163,-0.0251
0344010000052358,270,-0.0076,0.0074,-0.015
0344010000052358,90,-0.0168,-0.0102,-0.0066
0344010000052359,0,0.0017,-0.0063,0.008
0344010000052359,180,-0.0088,0.0163,-0.0251
0344010000052359,270,-0.0076,0.0074,-0.015
0344010000052359,90,-0.0168,-0.0102,-0.0066
0344010000052360,0,0.0017,-0.0063,0.008
0344010000052360,180,-0.0088,0.0163,-0.0251
0344010000052360,270,-0.0076,0.0074,-0.015
0344010000052360,90,-0.0168,-0.0102,-0.0066
0344010000052362,0,0.0053,-0.0155,0.0208
0344010000052362,180,-0.0318,-0.0118,-0.0201
0344010000052362,270,-0.0119,-0.0016,-0.0103
0344010000052362,90,-0.0019,0.015,-0.0169
0344010000053003,0,-0.0077,0.0386,-0.0463
0344010000053003,180,-0.0162,0.0194,-0.0355
0344010000053003,270,-0.0414,-0.0038,-0.0376
0344010000053003,90,-0.0052,-0.0128,0.0077
0344010000053004,0,-0.0077,0.0386,-0.0463
0344010000053004,180,-0.0162,0.0194,-0.0355
0344010000053004,270,-0.0414,-0.0038,-0.0376
0344010000053004,90,-0.0052,-0.0128,0.0077
0344010000053005,0,-0.0077,0.0386,-0.0463
0344010000053005,180,-0.0162,0.0194,-0.0355
0344010000053005,270,-0.0414,-0.0038,-0.0376
0344010000053005,90,-0.0052,-0.0128,0.0077
0344010000054248,0,-0.0077,0.0386,-0.0463
0344010000054248,180,-0.0162,0.0194,-0.0355
0344010000054248,270,-0.0414,-0.0038,-0.0376
0344010000054248,90,-0.0052,-0.0128,0.0077
0344010000054249,0,-0.0077,0.0386,-0.0463
0344010000054249,180,-0.0162,0.0194,-0.0355
0344010000054249,270,-0.0414,-0.0038,-0.0376
0344010000054249,90,-0.0052,-0.0128,0.0077
0344010000054250,0,-0.0077,0.0386,-0.0463
0344010000054250,180,-0.0162,0.0194,-0.0355
0344010000054250,270,-0.0414,-0.0038,-0.0376
0344010000054250,90,-0.0052,-0.0128,0.0077
0344010000054258,0,-0.0387,0.022,-0.0607
0344010000054258,180,-0.0587,-0.0052,-0.0535
0344010000054258,270,-0.0381,0.0026,-0.0407
0344010000054258,90,-0.0262,0.0252,-0.0513
0344010000054323,0,-0.0773,-0.036,-0.0413
0344010000054323,180,-0.0294,-0.0171,-0.0123
0344010000054323,270,-0.0645,-0.0316,-0.0329
0344010000054323,90,-0.0103,-0.0141,0.0038
0344010000054324,0,-0.0773,-0.036,-0.0413
0344010000054324,180,-0.0294,-0.0171,-0.0123
0344010000054324,270,-0.0645,-0.0316,-0.0329
0344010000054324,90,-0.0103,-0.0141,0.0038
0344010000054325,0,-0.0508,0.0033,-0.054
0344010000054325,180,-0.0326,0.0081,-0.0408
0344010000054325,270,-0.0497,-0.0194,-0.0303
0344010000054325,90,-0.0433,-0.0171,-0.0263
0344010000054326,0,-0.0008,-0.0124,0.0116
0344010000054326,180,-0.0113,0.0033,-0.0146
0344010000054326,270,0.0361,-0.0199,0.056
0344010000054326,90,0.0293,-0.0194,0.0487
0344010000054327,0,0.0046,-0.0272,0.0318
0344010000054327,180,0.0134,-0.0443,0.0578
0344010000054327,270,0.0091,-0.004,0.0131
0344010000054327,90,-0.0266,-0.0408,0.0142
0344010000054328,0,0.023,-0.0621,0.0851
0344010000054328,180,-0.0075,-0.0706,0.0631
0344010000054328,270,-0.0029,-0.0678,0.0649
0344010000054328,90,-0.0114,-0.0729,0.0615
0344010000055782,0,-0.0231,-0.0044,-0.0186
0344010000055782,180,-0.0025,0.0048,-0.0073
0344010000055782,270,0.0087,-0.0238,0.0325
0344010000055782,90,-0.0038,-0.0038,0.0
0344010000055783,0,-0.0146,-0.0063,-0.0083
0344010000055783,180,-0.008,0.0098,-0.0179
0344010000055783,270,-0.0059,-0.0184,0.0125
0344010000055783,90,-0.0163,-0.0118,-0.0045
0344010000055786,0,-0.0231,-0.0044,-0.0186
0344010000055786,180,-0.0025,0.0048,-0.0073
0344010000055786,270,0.0087,-0.0238,0.0325
0344010000055786,90,-0.0038,-0.0038,0.0
0344010000055805,0,-0.0165,-0.0007,-0.0158
0344010000055805,180,-0.0141,0.0042,-0.0183
0344010000055805,270,-0.007,-0.0068,-0.0002
0344010000055805,90,-0.0132,-0.0115,-0.0017
0344010000055808,0,-0.0256,-0.0107,-0.0149
0344010000055808,180,-0.0124,0.0107,-0.0231
0344010000055808,270,0.0021,-0.0151,0.0172
0344010000055808,90,-0.0055,-0.0051,-0.0003
0344010000055810,0,-0.0256,-0.0107,-0.0149
0344010000055810,180,-0.0124,0.0107,-0.0231
0344010000055810,270,0.0021,-0.0151,0.0172
0344010000055810,90,-0.0055,-0.0051,-0.0003
0344010000056752,0,0.0021,-0.0029,0.005
0344010000056752,180,0.0031,0.0107,-0.0076
0344010000056752,270,-0.0156,0.0039,-0.0195
0344010000056752,90,-0.025,-0.0126,-0.0123
0344010000056753,0,0.0021,-0.0029,0.005
0344010000056753,180,0.0031,0.0107,-0.0076
0344010000056753,270,-0.0156,0.0039,-0.0195
0344010000056753,90,-0.025,-0.0126,-0.0123
0344010000057028,0,-0.0299,0.0007,-0.0306
0344010000057028,180,-0.0234,-0.0032,-0.0202
0344010000057028,270,-0.0051,-0.0119,0.0068
0344010000057028,90,-0.016,-0.0224,0.0064
0344010000057030,0,-0.0299,0.0007,-0.0306
0344010000057030,180,-0.0234,-0.0032,-0.0202
0344010000057030,270,-0.0051,-0.0119,0.0068
0344010000057030,90,-0.016,-0.0224,0.0064
0344010000060946,0,-0.0207,0.0027,-0.0234
0344010000060946,180,-0.0142,-0.0043,-0.0099
0344010000060946,270,-0.0449,0.0116,-0.0565
0344010000060946,90,-0.0179,-0.0045,-0.0134
0344010000060947,0,-0.0207,0.0027,-0.0234
0344010000060947,180,-0.0142,-0.0043,-0.0099
0344010000060947,270,-0.0449,0.0116,-0.0565
0344010000060947,90,-0.0179,-0.0045,-0.0134
0344010000060948,0,-0.0207,0.0027,-0.0234
0344010000060948,180,-0.0142,-0.0043,-0.0099
0344010000060948,270,-0.0449,0.0116,-0.0565
0344010000060948,90,-0.0179,-0.0045,-0.0134
0344010000060949,0,-0.0207,0.0027,-0.0234
0344010000060949,180,-0.0142,-0.0043,-0.0099
0344010000060949,270,-0.0449,0.0116,-0.0565
0344010000060949,90,-0.0179,-0.0045,-0.0134
0344010000063976,0,0.0013,-0.0098,0.011
0344010000063976,180,-0.0248,-0.0179,-0.0069
0344010000063976,270,0.0102,0.0192,-0.009
0344010000063976,90,0.0338,0.011,0.0228
0344010000065326,0,0.0061,-0.0163,0.0224
0344010000065326,180,-0.0123,-0.0252,0.0129
0344010000065326,270,-0.0314,-0.036,0.0046
0344010000065326,90,-0.0166,-0.0281,0.0115
0344010000065327,0,-0.0073,-0.0201,0.0128
0344010000065327,180,-0.0125,-0.0151,0.0026
0344010000065327,270,-0.0242,-0.0279,0.0037
0344010000065327,90,-0.0239,-0.037,0.0132
0344010000069471,0,-0.0158,0.0239,-0.0397
0344010000069471,180,0.0258,0.0251,0.0007
0344010000069471,270,-0.0238,0.0371,-0.0609
0344010000069471,90,-0.0429,-0.0165,-0.0264
0344010000071022,0,0.0056,0.0133,-0.0077
0344010000071022,180,-0.0331,-0.0219,-0.0112
0344010000071022,270,-0.0453,-0.0308,-0.0144
0344010000071022,90,-0.0212,0.0181,-0.0393
0344010000071023,0,-0.0006,0.004,-0.0046
0344010000071023,180,-0.0179,0.0102,-0.0281
0344010000071023,270,-0.0315,-0.0118,-0.0197
0344010000071023,90,-0.0218,-0.0193,-0.0024
0344010000072001,0,-0.0258,0.0058,-0.0315
0344010000072001,180,-0.0122,0.0002,-0.0124
0344010000072001,270,0.0148,0.0244,-0.0096
0344010000072001,90,0.001,0.0031,-0.0021
0344010000072003,0,-0.022,-0.002,-0.0201
0344010000072003,180,-0.0221,0.006,-0.0281
0344010000072003,270,0.0059,0.0049,0.001
0344010000072003,90,0.0006,-0.0015,0.002
0344010000072005,0,-0.0335,-0.0049,-0.0286
0344010000072005,180,-0.0212,0.0027,-0.0238
0344010000072005,270,0.0133,0.0041,0.0092
0344010000072005,90,0.0103,0.0074,0.003
0344010000072007,0,-0.0335,-0.0049,-0.0286
0344010000072007,180,-0.0212,0.0027,-0.0238
0344010000072007,270,0.0133,0.0041,0.0092
0344010000072007,90,0.0103,0.0074,0.003
0344010000072008,0,-0.0335,-0.0049,-0.0286
0344010000072008,180,-0.0212,0.0027,-0.0238
0344010000072008,270,0.0133,0.0041,0.0092
0344010000072008,90,0.0103,0.0074,0.003
0344010000072010,0,-0.0136,0.005,-0.0186
0344010000072010,180,-0.0238,0.0004,-0.0242
0344010000072010,270,0.0089,0.0052,0.0036
0344010000072010,90,0.0213,0.0189,0.0024
0344010000072012,0,-0.0136,0.005,-0.0186
0344010000072012,180,-0.0238,0.0004,-0.0242
0344010000072012,270,0.0089,0.0052,0.0036
0344010000072012,90,0.0213,0.0189,0.0024
0344010000073778,0,-0.0365,-0.0459,0.0094
0344010000073778,180,-0.0272,-0.0188,-0.0084
0344010000073778,270,-0.0318,-0.0242,-0.0076
0344010000073778,90,-0.0243,-0.0133,-0.011
0344010000073783,0,-0.0279,-0.003,-0.0249
0344010000073783,180,-0.0064,-0.0076,0.0012
0344010000073783,270,0.0039,0.0188,-0.015
0344010000073783,90,-0.0261,-0.0154,-0.0108
0344010000074936,0,-0.0583,-0.0409,-0.0173
0344010000074936,180,-0.0486,-0.041,-0.0076
0344010000074936,270,-0.0398,-0.0163,-0.0236
0344010000074936,90,-0.0764,-0.0636,-0.0128
0344010000074937,0,-0.0583,-0.0409,-0.0173
0344010000074937,180,-0.0486,-0.041,-0.0076
0344010000074937,270,-0.0399,-0.0163,-0.0236
0344010000074937,90,-0.0764,-0.0636,-0.0128
0344010000074938,0,-0.0031,-0.0131,0.0101
0344010000074938,180,-0.0185,-0.0341,0.0156
0344010000074938,270,-0.0353,-0.064,0.0287
0344010000074938,90,-0.0092,-0.0408,0.0316
0344010000074939,0,-0.0339,-0.0544,0.0205
0344010000074939,180,-0.02,-0.044,0.024
0344010000074939,270,-0.0239,-0.0399,0.016
0344010000074939,90,-0.0083,-0.0102,0.0019
0344010000074940,0,-0.0216,-0.037,0.0154
0344010000074940,180,-0.0266,-0.0453,0.0187
0344010000074940,270,-0.0177,-0.0233,0.0056
0344010000074940,90,-0.0004,-0.0092,0.0088
0344010000074941,0,-0.0217,-0.0362,0.0145
0344010000074941,180,0.0042,-0.0201,0.0243
0344010000074941,270,-0.0314,-0.0314,-0.0001
0344010000074941,90,-0.0058,-0.0205,0.0147
0344010000074942,0,-0.0048,-0.0265,0.0217
0344010000074942,180,-0.0593,-0.0505,-0.0088
0344010000074942,270,-0.0278,-0.0335,0.0057
0344010000074942,90,-0.0459,-0.0509,0.005
0344010000076627,0,-0.0337,-0.0035,-0.0302
0344010000076627,180,-0.0094,0.0015,-0.0108
0344010000076627,270,-0.0086,0.005,-0.0136
0344010000076627,90,-0.0005,0.0261,-0.0265
0344010000077157,0,0.0004,-0.0003,0.0006
0344010000077157,180,0.0176,-0.0015,0.0192
0344010000077157,270,-0.0076,-0.0214,0.0139
0344010000077157,90,-0.0338,-0.035,0.0012
0344010000077158,0,0.0017,0.0093,-0.0076
0344010000077158,180,0.009,0.0002,0.0088
0344010000077158,270,-0.0347,-0.0411,0.0064
0344010000077158,90,-0.0235,-0.0253,0.0018
0344010000077581,0,-0.0265,-0.0382,0.0117
0344010000077581,180,-0.04,-0.0373,-0.0027
0344010000077581,270,-0.0242,-0.0555,0.0313
0344010000077581,90,-0.0378,-0.0475,0.0097
0344010000077738,0,-0.0264,-0.0385,0.0121
0344010000077738,180,-0.0267,-0.0335,0.0068
0344010000077738,270,-0.0564,-0.0639,0.0074
0344010000077738,90,-0.0239,-0.0481,0.0242
0344010000077739,0,-0.0362,-0.0467,0.0105
0344010000077739,180,-0.0142,-0.0273,0.0131
0344010000077739,270,-0.0311,-0.056,0.0249
0344010000077739,90,-0.0279,-0.0548,0.0269
0344010000077740,0,-0.0091,-0.026,0.0169
0344010000077740,180,-0.0153,-0.0308,0.0155
0344010000077740,270,-0.0325,-0.0739,0.0414
0344010000077740,90,-0.0497,-0.08,0.0303
0344010000078218,0,-0.0531,-0.1082,0.055
0344010000078218,180,-0.0365,-0.0401,0.0036
0344010000078218,270,-0.0041,-0.0082,0.0041
0344010000078218,90,-0.0305,-0.0593,0.0287
0344010000078219,0,-0.0183,0.001,-0.0193
0344010000078219,180,-0.0713,-0.0521,-0.0192
0344010000078219,270,-0.0277,0.0147,-0.0425
0344010000078219,90,-0.029,-0.0048,-0.0242
0344010000078220,0,-0.0076,0.0043,-0.0119
0344010000078220,180,-0.077,-0.0585,-0.0185
0344010000078220,270,-0.0401,0.0057,-0.0458
0344010000078220,90,-0.0142,0.0085,-0.0227
0344010000078221,0,-0.0155,-0.0038,-0.0118
0344010000078221,180,-0.0524,-0.0542,0.0018
0344010000078221,270,-0.037,-0.0023,-0.0347
0344010000078221,90,-0.022,0.0027,-0.0247
0344010000078222,0,-0.0155,-0.0038,-0.0118
0344010000078222,180,-0.0524,-0.0542,0.0018
0344010000078222,270,-0.037,-0.0023,-0.0347
0344010000078222,90,-0.022,0.0027,-0.0247
0344010000078223,0,-0.0107,0.0031,-0.0138
0344010000078223,180,-0.0579,-0.0554,-0.0024
0344010000078223,270,-0.0406,0.0008,-0.0413
0344010000078223,90,-0.0154,0.0094,-0.0248
0344010000079474,0,0.0332,0.0126,0.0206
0344010000079474,180,-0.0122,-0.0393,0.0271
0344010000079474,270,-0.0091,0.0009,-0.01
0344010000079474,90,-0.0005,0.0179,-0.0184
0344010000079475,0,0.0332,0.0126,0.0206
0344010000079475,180,-0.0122,-0.0393,0.0271
0344010000079475,270,-0.0091,0.0009,-0.01
0344010000079475,90,-0.0005,0.0179,-0.0184
0344010000079476,0,0.0053,-0.0162,0.0215
0344010000079476,180,-0.0113,-0.0142,0.0029
0344010000079476,270,0.0105,0.0139,-0.0034
0344010000079476,90,0.0072,0.0245,-0.0173
0344010000079477,0,0.0053,-0.0162,0.0215
0344010000079477,180,-0.0113,-0.0142,0.0029
0344010000079477,270,0.0105,0.0139,-0.0034
0344010000079477,90,0.0072,0.0245,-0.0173
0344010000079478,0,0.0053,-0.0162,0.0215
0344010000079478,180,-0.0113,-0.0142,0.0029
0344010000079478,270,0.0105,0.0139,-0.0034
0344010000079478,90,0.0072,0.0245,-0.0173
0344010000080702,0,-0.0073,0.0,-0.0073
0344010000080702,180,-0.0198,-0.013,-0.0068
0344010000080702,270,-0.018,-0.0214,0.0034
0344010000080702,90,-0.0192,-0.0071,-0.0121
0344010000084070,0,-0.0531,-0.1082,0.055
0344010000084070,180,-0.0365,-0.0401,0.0036
0344010000084070,270,-0.0041,-0.0082,0.0041
0344010000084070,90,-0.0305,-0.0593,0.0287
0344010000084071,0,-0.0531,-0.1082,0.055
0344010000084071,180,-0.0365,-0.0401,0.0036
0344010000084071,270,-0.0041,-0.0082,0.0041
0344010000084071,90,-0.0305,-0.0593,0.0287
0344010000092869,0,0.0391,0.0042,0.0349
0344010000092869,180,0.0164,0.0043,0.0121
0344010000092869,270,0.0105,0.0217,-0.0112
0344010000092869,90,0.0064,0.0051,0.0013
0344010000094284,0,-0.0027,-0.0059,0.0032
0344010000094284,180,0.0118,-0.0231,0.0349
0344010000094284,270,0.0056,-0.0145,0.0202
0344010000094284,90,-0.0133,-0.001,-0.0123
0344010000094692,0,-0.0267,-0.0196,-0.0071
0344010000094692,180,-0.0157,-0.0378,0.0221
0344010000094692,270,0.0279,0.0002,0.0277
0344010000094692,90,-0.0055,-0.0088,0.0032
0344010000097459,0,-0.0036,-0.0108,0.0072
0344010000097459,180,0.0052,-0.0069,0.012
0344010000097459,270,0.0183,-0.0053,0.0235
0344010000097459,90,-0.0086,-0.0105,0.0019
0344010000097875,0,0.0097,-0.0206,0.0303
0344010000097875,180,0.0136,-0.0168,0.0303
0344010000097875,270,-0.0126,-0.0222,0.0096
0344010000097875,90,-0.0051,-0.0253,0.0202
0344010000097933,0,-0.0036,-0.0205,0.0169
0344010000097933,180,0.0101,0.0116,-0.0015
0344010000097933,270,0.0116,0.0077,0.0039
0344010000097933,90,-0.0171,-0.0087,-0.0084
0344010000099017,0,0.0071,0.0155,-0.0084
0344010000099017,180,-0.0245,-0.0325,0.008
0344010000099017,270,-0.0127,-0.0321,0.0193
0344010000099017,90,-0.0156,-0.0337,0.018
0344010000099109,0,-0.01,-0.0015,-0.0085
0344010000099109,180,0.0179,-0.0061,0.024
0344010000099109,270,0.0121,-0.0127,0.0249
0344010000099109,90,-0.0021,0.001,-0.0031
0344010000099172,0,-0.0043,-0.0179,0.0136
0344010000099172,180,-0.0012,-0.0134,0.0122
0344010000099172,270,0.0147,-0.0291,0.0438
0344010000099172,90,0.0067,-0.0019,0.0086
0344010000099680,0,-0.0021,-0.0016,-0.0005
0344010000099680,180,0.015,0.0029,0.0121
0344010000099680,270,0.0088,0.0028,0.006
0344010000099680,90,0.0112,0.0102,0.0009
0344010000099681,0,0.0053,-0.006,0.0114
0344010000099681,180,0.0128,0.0146,-0.0018
0344010000099681,90,-0.011,-0.0181,0.0071
0344010000099682,0,-0.0108,-0.0412,0.0304
0344010000099682,180,-0.032,-0.0449,0.0129
0344010000099682,270,0.0029,-0.0356,0.0385
0344010000099682,90,-0.027,-0.0306,0.0036
0344010000099687,0,-0.0045,0.0044,-0.0089
0344010000099687,180,0.0006,0.0056,-0.0051
0344010000099687,270,-0.0097,-0.0133,0.0036
0344010000099687,90,0.0131,0.0016,0.0114
0344010000099688,0,-0.0045,0.0044,-0.0089
0344010000099688,180,0.0006,0.0056,-0.0051
0344010000099688,270,-0.0097,-0.0133,0.0036
0344010000099688,90,0.0131,0.0016,0.0114
0344010000099689,0,-0.0101,0.0124,-0.0225
0344010000099689,180,0.0048,0.0102,-0.0054
0344010000099689,270,0.0003,-0.0004,0.0007
0344010000099689,90,0.0081,0.0086,-0.0006
0344010000099690,0,0.0088,0.0158,-0.0069
0344010000099690,180,0.001,0.0056,-0.0045
0344010000099690,270,0.0063,0.0259,-0.0196
0344010000099690,90,0.0146,0.0103,0.0043
0344010000099691,0,0.0145,0.0122,0.0024
0344010000099691,180,0.004,0.0034,0.0005
0344010000099691,270,-0.0089,-0.005,-0.0038
0344010000099691,90,0.0044,-0.0087,0.0132
0344010000099692,0,0.0145,0.0122,0.0024
0344010000099692,180,0.004,0.0034,0.0005
0344010000099692,270,-0.0089,-0.005,-0.0038
0344010000099692,90,0.0044,-0.0087,0.0132
0344010000102361,0,0.0054,0.0009,0.0045
0344010000102361,180,0.0293,-0.0125,0.0417
0344010000102361,270,0.0146,-0.0261,0.0407
0344010000102361,90,0.0005,-0.0259,0.0264
0344010000104522,0,-0.0166,-0.0248,0.0082
0344010000104522,180,-0.0393,-0.0401,0.0008
0344010000104522,270,-0.0166,-0.0413,0.0246
0344010000104522,90,-0.0295,-0.0397,0.0102
0344010000106750,0,-0.0076,-0.0044,-0.0032
0344010000106750,180,0.0152,-0.011,0.0262
0344010000106750,270,-0.0053,-0.0114,0.0061
0344010000106750,90,0.0065,-0.0076,0.0141
0344010000106862,0,-0.0043,-0.0179,0.0136
0344010000106862,180,-0.0012,-0.0134,0.0122
0344010000106862,270,0.0147,-0.0291,0.0438
0344010000106862,90,0.0067,-0.0019,0.0086
0344010000107169,0,-0.0386,-0.0453,0.0067
0344010000107169,180,-0.0204,-0.0307,0.0103
0344010000107169,270,-0.0155,-0.0307,0.0152
0344010000107169,90,-0.0264,-0.0344,0.008
0344010000107276,0,-0.025,-0.0378,0.0128
0344010000107276,180,-0.0672,-0.0948,0.0276
0344010000107276,270,-0.0031,-0.028,0.0249
0344010000107276,90,-0.0164,-0.0274,0.0109
0344010000107306,0,-0.0228,-0.0159,-0.0069
0344010000107306,180,-0.0193,-0.0116,-0.0078
0344010000107306,270,0.0096,0.0154,-0.0058
0344010000107306,90,0.0101,-0.0002,0.0103
0344010000107307,0,-0.0228,-0.0159,-0.0069
0344010000107307,180,-0.0193,-0.0116,-0.0078
0344010000107307,270,0.0096,0.0154,-0.0058
0344010000107307,90,0.0101,-0.0002,0.0103
0344010000107308,0,-0.0095,0.0029,-0.0124
0344010000107308,180,-0.029,-0.0165,-0.0124
0344010000107308,270,0.0144,-0.0314,0.0458
0344010000107308,90,-0.0031,-0.0103,0.0072
0344010000107309,0,-0.0095,0.0029,-0.0124
0344010000107309,180,-0.029,-0.0165,-0.0124
0344010000107309,270,0.0144,-0.0314,0.0458
0344010000107309,90,-0.0031,-0.0103,0.0072
0344010000111729,0,0.0007,-0.0021,0.0028
0344010000111729,180,-0.003,-0.007,0.0041
0344010000111729,270,-0.011,-0.0212,0.0102
0344010000111729,90,-0.0159,-0.0198,0.004
0344010000112109,0,-0.0646,-0.0316,-0.033
0344010000112109,180,0.023,-0.0003,0.0233
0344010000112109,270,0.0042,-0.0157,0.0199
0344010000112109,90,0.0124,-0.0175,0.0299
0344010000112110,0,-0.0646,-0.0316,-0.033
0344010000112110,180,0.023,-0.0003,0.0233
0344010000112110,270,0.0042,-0.0157,0.0199
0344010000112110,90,0.0124,-0.0175,0.0299
0344010000112305,0,-0.0487,-0.0724,0.0237
0344010000112305,180,-0.0487,-0.0724,0.0237
0344010000112305,270,-0.0487,-0.0724,0.0237
0344010000112305,90,-0.0487,-0.0724,0.0237
0344010000112306,0,-0.0487,-0.0724,0.0237
0344010000112306,180,-0.0487,-0.0724,0.0237
0344010000112306,270,-0.0487,-0.0724,0.0237
0344010000112306,90,-0.0487,-0.0724,0.0237
0344010000112307,0,0.0056,-0.0158,0.0213
0344010000112307,180,-0.0371,-0.0677,0.0305
0344010000112307,270,-0.0387,-0.0578,0.019
0344010000112307,90,-0.0164,-0.0287,0.0123
0344010000112308,0,-0.0026,-0.0139,0.0114
0344010000112308,180,0.0042,0.0087,-0.0046
0344010000112308,270,-0.0057,-0.0184,0.0126
0344010000112308,90,0.0363,-0.0166,0.0529
0344010000112309,0,-0.0487,-0.0724,0.0237
0344010000112309,180,-0.0487,-0.0724,0.0237
0344010000112309,270,-0.0487,-0.0724,0.0237
0344010000112309,90,-0.0487,-0.0724,0.0237
0344010000112872,0,-0.0487,-0.0724,0.0237
0344010000112872,180,-0.0487,-0.0724,0.0237
0344010000112872,270,-0.0487,-0.0724,0.0237
0344010000112872,90,-0.0487,-0.0724,0.0237
0344010000112873,0,-0.0487,-0.0724,0.0237
0344010000112873,180,-0.0487,-0.0724,0.0237
0344010000112873,270,-0.0487,-0.0724,0.0237
0344010000112873,90,-0.0487,-0.0724,0.0237
0344010000114747,0,-0.0126,-0.0253,0.0127
0344010000114747,180,-0.0158,-0.0261,0.0103
0344010000114747,270,-0.0173,-0.0307,0.0134
0344010000114747,90,0.0013,-0.0035,0.0048
0344010000118360,0,-0.0198,-0.0232,0.0034
0344010000118360,180,-0.0405,-0.0314,-0.0091
0344010000118360,270,-0.0082,-0.057,0.0489
0344010000118360,90,-0.0268,-0.0453,0.0185
0344010000118504,0,-0.01,-0.0015,-0.0085
0344010000118504,180,0.0179,-0.0061,0.024
0344010000118504,270,0.0121,-0.0127,0.0249
0344010000118504,90,-0.0021,0.001,-0.0031
0344010000118505,0,0.0053,-0.006,0.0114
0344010000118505,180,0.0128,0.0146,-0.0018
0344010000118505,270,-0.008,-0.0036,-0.0045
0344010000118505,90,-0.011,-0.0181,0.0071
0344010000118506,0,-0.0108,-0.0412,0.0304
0344010000118506,180,-0.032,-0.0449,0.0129
0344010000118506,270,0.0029,-0.0356,0.0385
0344010000118506,90,-0.0268,-0.0305,0.0037
0344010000118508,0,-0.011,-0.0117,0.0007
0344010000118508,180,0.0063,0.004,0.0023
0344010000118508,270,-0.0199,-0.0336,0.0138
0344010000118508,90,0.0088,0.0009,0.0079
0344010000118509,0,-0.0101,0.0124,-0.0225
0344010000118509,180,0.0048,0.0102,-0.0054
0344010000118509,270,0.0003,-0.0004,0.0007
0344010000118509,90,0.0081,0.0086,-0.0006
0344010000118510,0,0.0088,0.0158,-0.0069
0344010000118510,180,0.001,0.0056,-0.0045
0344010000118510,270,0.0063,0.0259,-0.0196
0344010000118510,90,0.0146,0.0103,0.0043
0344010000120704,0,-0.0228,-0.0159,-0.0069
0344010000120704,180,-0.0193,-0.0116,-0.0078
0344010000120704,270,0.0096,0.0154,-0.0058
0344010000120704,90,0.0101,-0.0002,0.0103
0344010000121271,0,-0.0154,-0.009,-0.0064
0344010000121271,180,-0.0202,-0.0036,-0.0166
0344010000121271,270,-0.0347,-0.0205,-0.0141
0344010000121271,90,-0.0054,0.0008,-0.0062
0344010000121272,0,-0.0154,-0.009,-0.0064
0344010000121272,180,-0.0202,-0.0036,-0.0166
0344010000121272,270,-0.0347,-0.0205,-0.0141
0344010000121272,90,-0.0054,0.0008,-0.0062
0344010000121273,0,-0.0154,-0.009,-0.0064
0344010000121273,180,-0.0202,-0.0036,-0.0166
0344010000121273,270,-0.0347,-0.0205,-0.0141
0344010000121273,90,-0.0054,0.0008,-0.0062
0344010000121274,0,-0.0154,-0.009,-0.0064
0344010000121274,180,-0.0202,-0.0036,-0.0166
0344010000121274,270,-0.0347,-0.0205,-0.0141
0344010000121274,90,-0.0054,0.0008,-0.0062
0344010000121275,0,-0.0154,-0.009,-0.0064
0344010000121275,180,-0.0202,-0.0036,-0.0166
0344010000121275,270,-0.0347,-0.0205,-0.0141
0344010000121275,90,-0.0054,0.0008,-0.0062
0344010000121276,0,-0.0154,-0.009,-0.0064
0344010000121276,180,-0.0202,-0.0036,-0.0166
0344010000121276,270,-0.0347,-0.0205,-0.0141
0344010000121276,90,-0.0054,0.0008,-0.0062
0344010000121278,0,-0.0154,-0.009,-0.0064
0344010000121278,180,-0.0202,-0.0036,-0.0166
0344010000121278,270,-0.0347,-0.0205,-0.0141
0344010000121278,90,-0.0054,0.0008,-0.0062
0344010000122043,0,-0.007,-0.0113,0.0043
0344010000122043,180,-0.018,-0.0056,-0.0124
0344010000122043,270,-0.0017,0.0013,-0.003
0344010000122043,90,-0.0156,-0.0247,0.0091
0344010000122186,0,-0.0328,-0.0243,-0.0085
0344010000122186,180,-0.0103,-0.0246,0.0144
0344010000122186,270,-0.0044,-0.0358,0.0314
0344010000122186,90,-0.0403,-0.0645,0.0242
0344010000122392,0,-0.0168,-0.0043,-0.0125
0344010000122392,180,0.0007,0.0055,-0.0048
0344010000122392,270,0.0041,0.0092,-0.0051
0344010000122392,90,-0.0193,-0.0139,-0.0055
0344010000122393,0,0.0053,-0.0155,0.0208
0344010000122393,180,-0.0318,-0.0118,-0.0201
0344010000122393,270,-0.0119,-0.0016,-0.0103
0344010000122393,90,-0.0019,0.015,-0.0169
0344010000123097,0,-0.0231,-0.0044,-0.0186
0344010000123097,180,-0.0025,0.0048,-0.0073
0344010000123097,270,0.0087,-0.0238,0.0325
0344010000123097,90,-0.0038,-0.0038,0.0
0344010000123099,0,-0.0256,-0.0107,-0.0149
0344010000123099,180,-0.0124,0.0107,-0.0231
0344010000123099,270,0.0021,-0.0151,0.0172
0344010000123099,90,-0.0055,-0.0051,-0.0003
0344010000123730,0,0.0122,0.0208,-0.0086
0344010000123730,180,-0.0165,-0.0184,0.002
0344010000123730,270,-0.0128,-0.0031,-0.0097
0344010000123730,90,-0.0024,0.0035,-0.0059
0344010000123892,0,0.0053,-0.0162,0.0215
0344010000123892,180,-0.0113,-0.0142,0.0029
0344010000123892,270,0.0105,0.0139,-0.0034
0344010000123892,90,0.0072,0.0245,-0.0173
0344010000124733,0,-0.063,-0.0482,-0.0149
0344010000124733,180,-0.0228,-0.0274,0.0046
0344010000124733,270,-0.0027,-0.0147,0.0121
0344010000124733,90,-0.0164,-0.0328,0.0164
0344010000125085,0,-0.034,-0.0635,0.0295
0344010000125085,180,-0.0242,-0.0708,0.0466
0344010000125085,270,-0.0274,-0.0536,0.0262
0344010000125085,90,-0.036,-0.0582,0.0222
0344010000125496,0,0.0013,-0.0098,0.011
0344010000125496,180,-0.0248,-0.0179,-0.0069
0344010000125496,270,0.0102,0.0192,-0.009
0344010000125496,90,0.0338,0.011,0.0228
0344010000125866,0,0.0061,-0.0163,0.0224
0344010000125866,180,-0.0123,-0.0252,0.0129
0344010000125866,270,-0.0314,-0.036,0.0046
0344010000125866,90,-0.0166,-0.0281,0.0115
0344010000125901,0,-0.0094,-0.0339,0.0244
0344010000125901,180,-0.0178,-0.0551,0.0372
0344010000125901,270,-0.0171,-0.029,0.0119
0344010000125901,90,-0.0246,-0.0466,0.022
0344010000126320,0,-0.0267,-0.0196,-0.0071
0344010000126320,180,-0.0157,-0.0378,0.0221
0344010000126320,270,0.0279,0.0002,0.0277
0344010000126320,90,-0.0055,-0.0088,0.0032
0344010000126925,0,-0.0155,-0.0038,-0.0118
0344010000126925,180,-0.0524,-0.0542,0.0018
0344010000126925,270,-0.037,-0.0023,-0.0347
0344010000126925,90,-0.022,0.0027,-0.0247
0344010000127878,0,-0.0021,-0.0016,-0.0005
0344010000127878,180,0.015,0.0029,0.0121
0344010000127878,270,0.0088,0.0028,0.006
0344010000127878,90,0.0112,0.0102,0.0009
0344010000127883,0,-0.0487,-0.0724,0.0237
0344010000127883,180,-0.0487,-0.0724,0.0237
0344010000127883,270,-0.0487,-0.0724,0.0237
0344010000127883,90,-0.0487,-0.0724,0.0237
0344010000128096,0,-0.0155,-0.0038,-0.0118
0344010000128096,180,-0.0524,-0.0542,0.0018
0344010000128096,270,-0.037,-0.0023,-0.0347
0344010000128096,90,-0.022,0.0027,-0.0247
0344010000128478,0,0.0332,0.0126,0.0206
0344010000128478,180,-0.0122,-0.0393,0.0271
0344010000128478,270,-0.0091,0.0009,-0.01
0344010000128478,90,-0.0005,0.0179,-0.0184
0344010000132352,0,0.0036,-0.0035,0.0072
0344010000132352,180,-0.0238,-0.0143,-0.0095
0344010000132352,270,0.0133,0.0162,-0.0029
0344010000132352,90,0.0,-0.0051,0.0051
0344010000132403,0,-0.0154,-0.009,-0.0064
0344010000132403,180,-0.0202,-0.0036,-0.0166
0344010000132403,270,-0.0347,-0.0205,-0.0141
0344010000132403,90,-0.0054,0.0008,-0.0062
0344010000134910,0,0.0332,0.0126,0.0206
0344010000134910,180,-0.0122,-0.0393,0.0271
0344010000134910,270,-0.0091,0.0009,-0.01
0344010000134910,90,-0.0005,0.0179,-0.0184
0344010000135990,180,0.0137,-0.0067,0.0203
0344010000135990,270,-0.0438,-0.0591,0.0152
0344010000144307,0,-0.0121,0.0056,-0.0177
0344010000144307,180,0.0054,-0.0113,0.0167
0344010000144307,270,-0.0286,-0.0052,-0.0234
0344010000144307,90,-0.0296,-0.0058,-0.0238
0344010000145875,0,-0.0153,-0.004,-0.0113
0344010000145875,180,-0.0202,-0.0051,-0.0151
0344010000145875,270,0.0015,0.0007,0.0008
0344010000145875,90,-0.0047,-0.0069,0.0022
0344010000145876,0,-0.0228,-0.0159,-0.0069
0344010000145876,180,-0.0193,-0.0116,-0.0078
0344010000145876,270,0.0096,0.0154,-0.0058
0344010000145876,90,0.0101,-0.0002,0.0103
0344010000146496,0,-0.0231,-0.0044,-0.0186
0344010000146496,180,-0.0025,0.0048,-0.0073
0344010000146496,270,0.0087,-0.0238,0.0325
0344010000146496,90,-0.0038,-0.0038,0.0
0344010000146497,0,-0.0299,0.0007,-0.0306
0344010000146497,180,-0.0234,-0.0032,-0.0202
0344010000146497,270,-0.0051,-0.0119,0.0068
0344010000146497,90,-0.016,-0.0224,0.0064
0344010000146618,0,-0.0773,-0.036,-0.0413
0344010000146618,180,-0.0294,-0.0171,-0.0123
0344010000146618,270,-0.0645,-0.0316,-0.0329
0344010000146618,90,-0.0103,-0.0141,0.0038
0344010000146739,0,0.023,-0.0621,0.0851
0344010000146739,180,-0.0075,-0.0706,0.0631
0344010000146739,270,-0.0029,-0.0678,0.0649
0344010000146739,90,-0.0114,-0.0729,0.0615
0344010000146796,0,0.0021,-0.0029,0.005
0344010000146796,180,0.0031,0.0107,-0.0076
0344010000146796,270,-0.0156,0.0039,-0.0195
0344010000146796,90,-0.025,-0.0126,-0.0123
0344010000147268,0,-0.0194,-0.0276,0.0082
0344010000147268,180,-0.0164,-0.0171,0.0007
0344010000147268,270,0.0155,0.0102,0.0054
0344010000147268,90,-0.0049,-0.0276,0.0227
0344010000147269,0,-0.0147,-0.0131,-0.0015
0344010000147269,180,-0.0132,-0.0183,0.005
0344010000147269,270,-0.0023,-0.0284,0.026
0344010000147269,90,-0.0115,-0.0398,0.0283
0344010000147349,0,-0.0168,-0.0043,-0.0125
0344010000147349,180,0.0007,0.0055,-0.0048
0344010000147349,270,0.0041,0.0092,-0.0051
0344010000147349,90,-0.0193,-0.0139,-0.0055
0344010000147350,0,0.0017,-0.0063,0.008
0344010000147350,180,-0.0088,0.0163,-0.0251
0344010000147350,270,-0.0076,0.0074,-0.015
0344010000147350,90,-0.0168,-0.0102,-0.0066
0344010000147742,0,-0.0138,-0.0244,0.0106
0344010000147742,180,-0.0032,-0.0222,0.019
0344010000147742,270,-0.012,-0.0135,0.0015
0344010000147742,90,-0.0208,-0.0446,0.0237
0344010000148208,0,-0.0256,-0.0107,-0.0149
0344010000148208,180,-0.0124,0.0107,-0.0231
0344010000148208,270,0.0021,-0.0151,0.0172
0344010000148208,90,-0.0055,-0.0051,-0.0003
0344010000149632,0,-0.0142,-0.0158,0.0016
0344010000149632,180,-0.0371,-0.0224,-0.0147
0344010000149632,270,-0.0214,-0.0185,-0.003
0344010000149632,90,0.0014,-0.0006,0.002
0344010000151761,0,-0.0006,0.004,-0.0046
0344010000151761,180,-0.0179,0.0102,-0.0281
0344010000151761,270,-0.0315,-0.0118,-0.0197
0344010000151761,90,-0.0218,-0.0193,-0.0024
0344010000152744,0,-0.022,-0.002,-0.0201
0344010000152744,180,-0.0221,0.006,-0.0281
0344010000152744,270,0.0059,0.0049,0.001
0344010000152744,90,0.0006,-0.0015,0.002
0344010000153229,0,-0.0048,-0.0265,0.0217
0344010000153229,180,-0.0593,-0.0505,-0.0088
0344010000153229,270,-0.0278,-0.0335,0.0057
0344010000153229,90,-0.0459,-0.0509,0.005
0344010000153423,0,-0.0139,-0.0262,0.0122
0344010000153423,180,-0.016,-0.0333,0.0172
0344010000153423,270,-0.0368,-0.061,0.0242
0344010000153423,90,-0.0402,-0.051,0.0109
0344010000153958,0,0.0332,0.0126,0.0206
0344010000153958,180,-0.0122,-0.0393,0.0271
0344010000153958,270,-0.0091,0.0009,-0.01
0344010000153958,90,-0.0005,0.0179,-0.0184
0344010000153959,0,0.0179,0.0044,0.0135
0344010000153959,180,-0.0072,-0.0353,0.0281
0344010000153959,270,-0.0075,-0.0041,-0.0035
0344010000153959,90,-0.0008,0.014,-0.0148
0344010000155388,0,-0.0155,-0.0038,-0.0118
0344010000155388,180,-0.0524,-0.0542,0.0018
0344010000155388,270,-0.037,-0.0023,-0.0347
0344010000155388,90,-0.022,0.0027,-0.0247
0344010000155656,0,-0.0349,-0.081,0.0461
0344010000155656,270,-0.0306,-0.052,0.0214
0344010000155656,90,-0.0358,-0.053,0.0172
0344010000155998,0,-0.0024,0.0138,-0.0162
0344010000155998,180,0.0012,-0.0159,0.0171
0344010000155998,270,0.0009,0.0033,-0.0024
0344010000155998,90,-0.0272,-0.0157,-0.0115
0344010000156098,0,-0.0487,-0.0724,0.0237
0344010000156098,180,-0.0487,-0.0724,0.0237
0344010000156098,270,-0.0487,-0.0724,0.0237
0344010000156098,90,-0.0487,-0.0724,0.0237
0344010000156099,0,-0.0487,-0.0724,0.0237
0344010000156099,180,-0.0487,-0.0724,0.0237
0344010000156099,270,-0.0487,-0.0724,0.0237
0344010000156099,90,-0.0487,-0.0724,0.0237
0344010000156159,0,0.0017,-0.0063,0.008
0344010000156159,180,-0.0088,0.0163,-0.0251
0344010000156159,270,-0.0076,0.0074,-0.015
0344010000156159,90,-0.0168,-0.0102,-0.0066
0344010000156257,0,0.0036,0.005,-0.0014
0344010000156257,180,0.0507,-0.0185,0.0693
0344010000156257,270,-0.0066,0.0084,-0.0149
0344010000156257,90,0.0107,0.0003,0.0105
0344010000156357,0,-0.0008,-0.0124,0.0116
0344010000156357,180,-0.0113,0.0033,-0.0146
0344010000156357,270,0.0361,-0.0199,0.056
0344010000156357,90,0.0293,-0.0194,0.0487
0344010000156821,0,0.023,-0.0621,0.0851
0344010000156821,180,-0.0075,-0.0706,0.0631
0344010000156821,270,-0.0029,-0.0678,0.0649
0344010000156821,90,-0.0114,-0.0729,0.0615
0344010000157779,0,-0.0136,0.005,-0.0186
0344010000157779,180,-0.0238,0.0004,-0.0242
0344010000157779,270,0.0089,0.0052,0.0036
0344010000157779,90,0.0213,0.0189,0.0024
0344010000158661,0,-0.0146,-0.0063,-0.0083
0344010000158661,180,-0.008,0.0098,-0.0179
0344010000158661,270,-0.0059,-0.0184,0.0125
0344010000158661,90,-0.0163,-0.0118,-0.0045
0344010000158662,0,-0.0146,-0.0063,-0.0083
0344010000158662,180,-0.008,0.0098,-0.0179
0344010000158662,270,-0.0059,-0.0184,0.0125
0344010000158662,90,-0.0163,-0.0118,-0.0045
0344010000158663,0,-0.0146,-0.0063,-0.0083
0344010000158663,180,-0.008,0.0098,-0.0179
0344010000158663,270,-0.0059,-0.0184,0.0125
0344010000158663,90,-0.0163,-0.0118,-0.0045
0344010000159580,0,0.0154,0.006,0.0093
0344010000159580,180,0.0248,-0.0076,0.0324
0344010000159580,270,0.0054,0.0113,-0.0059
0344010000159580,90,0.0081,0.0031,0.0049
0344010000160211,0,-0.002,0.0014,-0.0034
0344010000160211,180,-0.0018,-0.0008,-0.001
0344010000160211,270,0.0221,0.0023,0.0198
0344010000160211,90,0.0248,0.0141,0.0108
0344010000168807,0,-0.0171,-0.0011,-0.016
0344010000168807,180,-0.0342,-0.0317,-0.0026
0344010000168807,270,-0.0202,-0.0411,0.0209
0344010000168807,90,0.0075,-0.0301,0.0376
0344010000168850,0,-0.0146,-0.0063,-0.0083
0344010000168850,180,-0.008,0.0098,-0.0179
0344010000168850,270,-0.0059,-0.0184,0.0125
0344010000168850,90,-0.0163,-0.0118,-0.0045
0344010000168851,0,-0.0078,0.0061,-0.0139
0344010000168851,180,-0.0241,-0.0027,-0.0214
0344010000168851,270,-0.0409,-0.0032,-0.0377
0344010000168851,90,0.0126,0.0141,-0.0014
0344010000168852,0,-0.0078,0.0061,-0.0139
0344010000168852,180,-0.0241,-0.0027,-0.0214
0344010000168852,270,-0.0409,-0.0032,-0.0377
0344010000168852,90,0.0126,0.0141,-0.0014
0344010000170190,0,-0.0066,-0.0257,0.019
0344010000170190,180,0.0028,-0.0325,0.0354
0344010000170190,270,-0.0192,-0.0367,0.0176
0344010000170190,90,-0.024,-0.0417,0.0177
0344010000173216,0,-0.0091,-0.001,-0.008
0344010000173216,180,0.0205,0.0032,0.0173
0344010000173216,270,0.0075,0.0063,0.0012
0344010000173216,90,0.0076,-0.0021,0.0097
0344010000173217,0,-0.0487,-0.0724,0.0237
0344010000173217,180,-0.0487,-0.0724,0.0237
0344010000173217,270,-0.0487,-0.0724,0.0237
0344010000173217,90,-0.0487,-0.0724,0.0237
0344010000173218,0,-0.0487,-0.0724,0.0237
0344010000173218,180,-0.0487,-0.0724,0.0237
0344010000173218,270,-0.0487,-0.0724,0.0237
0344010000173218,90,-0.0487,-0.0724,0.0237
0344010000175518,0,-0.0076,-0.0063,-0.0012
0344010000175518,180,-0.0053,-0.0185,0.0132
0344010000175518,270,0.0005,-0.001,0.0016
0344010000175518,90,-0.0117,-0.015,0.0033
0344010000175523,0,-0.0117,-0.0274,0.0157
0344010000175523,180,0.005,-0.005,0.01
0344010000175523,270,-0.0194,-0.0061,-0.0133
0344010000175523,90,-0.0386,-0.0045,-0.0342
0344010000175524,0,-0.0166,-0.0321,0.0156
0344010000175524,180,-0.0454,-0.0657,0.0203
0344010000175524,270,-0.0322,-0.0573,0.025
0344010000175524,90,0.0131,-0.018,0.0311
0344010000175526,0,-0.004,-0.0056,0.0016
0344010000175526,180,0.0043,0.0087,-0.0044
0344010000175526,270,-0.0085,-0.0113,0.0027
0344010000175526,90,-0.0145,0.0047,-0.0193
0344010000175527,0,-0.0166,-0.0321,0.0156
0344010000175527,180,-0.0454,-0.0657,0.0203
0344010000175527,270,-0.0322,-0.0573,0.025
0344010000175527,90,0.0131,-0.018,0.0311
0344010000175528,0,-0.0166,-0.0321,0.0156
0344010000175528,180,-0.0454,-0.0657,0.0203
0344010000175528,270,-0.0322,-0.0573,0.025
0344010000175528,90,0.0131,-0.018,0.0311
0344010000175531,0,-0.0166,-0.0321,0.0156
0344010000175531,180,-0.0454,-0.0657,0.0203
0344010000175531,270,-0.0322,-0.0573,0.025
0344010000175531,90,0.0131,-0.018,0.0311
0344010000175532,0,-0.0166,-0.0321,0.0156
0344010000175532,180,-0.0454,-0.0657,0.0203
0344010000175532,270,-0.0322,-0.0573,0.025
0344010000175532,90,0.0131,-0.018,0.0311
0344010000175535,0,-0.0166,-0.0321,0.0156
0344010000175535,180,-0.0454,-0.0657,0.0203
0344010000175535,270,-0.0322,-0.0573,0.025
0344010000175535,90,0.0131,-0.018,0.0311
0344010000175536,0,-0.0166,-0.0321,0.0156
0344010000175536,180,-0.0454,-0.0657,0.0203
0344010000175536,270,-0.0322,-0.0573,0.025
0344010000175536,90,0.0131,-0.018,0.0311
0344010000175540,0,-0.0166,-0.0321,0.0156
0344010000175540,180,-0.0454,-0.0657,0.0203
0344010000175540,270,-0.0322,-0.0573,0.025
0344010000175540,90,0.0131,-0.018,0.0311
0344010000177436,0,0.0253,-0.0229,0.0482
0344010000177436,180,-0.0343,-0.0535,0.0192
0344010000177436,270,0.0074,-0.013,0.0203
0344010000177436,90,0.0208,-0.0109,0.0316
0344010000177437,0,0.0253,-0.0229,0.0482
0344010000177437,180,-0.0343,-0.0535,0.0192
0344010000177437,270,0.0074,-0.013,0.0203
0344010000177437,90,0.0208,-0.0109,0.0316
0344010000177438,0,0.0445,-0.0113,0.0558
0344010000177438,180,-0.0174,-0.0392,0.0217
0344010000177438,270,0.0106,-0.0082,0.0188
0344010000177438,90,0.0175,-0.0093,0.0268
0344010000182823,0,0.0332,0.0126,0.0206
0344010000182823,180,-0.0122,-0.0393,0.0271
0344010000182823,270,-0.0091,0.0009,-0.01
0344010000182823,90,-0.0005,0.0179,-0.0184
0344010000182825,0,0.0332,0.0126,0.0206
0344010000182825,180,-0.0122,-0.0393,0.0271
0344010000182825,270,-0.0091,0.0009,-0.01
0344010000182825,90,-0.0005,0.0179,-0.0184
0344010000188841,0,-0.0113,-0.021,0.0097
0344010000188841,180,-0.0059,-0.03,0.0241
0344010000188841,270,0.002,-0.0264,0.0284
0344010000188841,90,-0.02,-0.0532,0.0332
0344010000189080,0,-0.0173,0.0183,-0.0355
0344010000189080,180,-0.0065,-0.0078,0.0013
0344010000189080,270,-0.0145,-0.0041,-0.0105
0344010000189080,90,-0.0022,0.0295,-0.0317
0344010000189956,0,-0.0487,-0.0724,0.0237
0344010000189956,180,-0.0487,-0.0724,0.0237
0344010000189956,270,-0.0487,-0.0724,0.0237
0344010000189956,90,-0.0487,-0.0724,0.0237
0344010000189957,0,-0.0487,-0.0724,0.0237
0344010000189957,180,-0.0487,-0.0724,0.0237
0344010000189957,270,-0.0487,-0.0724,0.0237
0344010000189957,90,-0.0487,-0.0724,0.0237
0344010000189960,0,-0.0487,-0.0724,0.0237
0344010000189960,180,-0.0487,-0.0724,0.0237
0344010000189960,270,-0.0487,-0.0724,0.0237
0344010000189960,90,-0.0487,-0.0724,0.0237
0344010000189962,0,-0.0487,-0.0724,0.0237
0344010000189962,180,-0.0487,-0.0724,0.0237
0344010000189962,270,-0.0487,-0.0724,0.0237
0344010000189962,90,-0.0487,-0.0724,0.0237
0344010000189963,0,-0.0487,-0.0724,0.0237
0344010000189963,180,-0.0487,-0.0724,0.0237
0344010000189963,270,-0.0487,-0.0724,0.0237
0344010000189963,90,-0.0487,-0.0724,0.0237
0344010000189967,0,-0.0487,-0.0724,0.0237
0344010000189967,180,-0.0487,-0.0724,0.0237
0344010000189967,270,-0.0487,-0.0724,0.0237
0344010000189967,90,-0.0487,-0.0724,0.0237
0344010000189974,0,-0.0487,-0.0724,0.0237
0344010000189974,180,-0.0487,-0.0724,0.0237
0344010000189974,270,-0.0487,-0.0724,0.0237
0344010000189974,90,-0.0487,-0.0724,0.0237
0344010000189977,0,-0.0487,-0.0724,0.0237
0344010000189977,180,-0.0487,-0.0724,0.0237
0344010000189977,270,-0.0487,-0.0724,0.0237
0344010000189977,90,-0.0487,-0.0724,0.0237
0344010000189988,0,-0.0487,-0.0724,0.0237
0344010000189988,180,-0.0487,-0.0724,0.0237
0344010000189988,270,-0.0487,-0.0724,0.0237
0344010000189988,90,-0.0487,-0.0724,0.0237
0344010000189989,0,-0.0487,-0.0724,0.0237
0344010000189989,180,-0.0487,-0.0724,0.0237
0344010000189989,270,-0.0487,-0.0724,0.0237
0344010000189989,90,-0.0487,-0.0724,0.0237
0344010000189990,0,-0.0487,-0.0724,0.0237
0344010000189990,180,-0.0487,-0.0724,0.0237
0344010000189990,270,-0.0487,-0.0724,0.0237
0344010000189990,90,-0.0487,-0.0724,0.0237
0344010000189991,0,-0.0487,-0.0724,0.0237
0344010000189991,180,-0.0487,-0.0724,0.0237
0344010000189991,270,-0.0487,-0.0724,0.0237
0344010000189991,90,-0.0487,-0.0724,0.0237
0344010000189992,0,-0.0487,-0.0724,0.0237
0344010000189992,180,-0.0487,-0.0724,0.0237
0344010000189992,270,-0.0487,-0.0724,0.0237
0344010000189992,90,-0.0487,-0.0724,0.0237
0344010000189993,0,-0.0487,-0.0724,0.0237
0344010000189993,180,-0.0487,-0.0724,0.0237
0344010000189993,270,-0.0487,-0.0724,0.0237
0344010000189993,90,-0.0487,-0.0724,0.0237
0344010000189994,0,-0.0487,-0.0724,0.0237
0344010000189994,180,-0.0487,-0.0724,0.0237
0344010000189994,270,-0.0487,-0.0724,0.0237
0344010000189994,90,-0.0487,-0.0724,0.0237
0344010000189995,0,-0.0487,-0.0724,0.0237
0344010000189995,180,-0.0487,-0.0724,0.0237
0344010000189995,270,-0.0487,-0.0724,0.0237
0344010000189995,90,-0.0487,-0.0724,0.0237
0344010000190000,0,-0.0487,-0.0724,0.0237
0344010000190000,180,-0.0487,-0.0724,0.0237
0344010000190000,270,-0.0487,-0.0724,0.0237
0344010000190000,90,-0.0487,-0.0724,0.0237
0344010000190002,0,-0.0487,-0.0724,0.0237
0344010000190002,180,-0.0487,-0.0724,0.0237
0344010000190002,270,-0.0487,-0.0724,0.0237
0344010000190002,90,-0.0487,-0.0724,0.0237
0344010000190003,0,-0.0487,-0.0724,0.0237
0344010000190003,180,-0.0487,-0.0724,0.0237
0344010000190003,270,-0.0487,-0.0724,0.0237
0344010000190003,90,-0.0487,-0.0724,0.0237
0344010000190097,0,-0.0214,-0.0511,0.0296
0344010000190097,180,-0.0101,-0.0417,0.0316
0344010000190097,270,-0.0156,-0.0574,0.0417
0344010000190097,90,-0.0131,-0.059,0.0459
0344010000192958,0,-0.0055,-0.0041,-0.0014
0344010000192958,180,-0.0033,-0.0364,0.033
0344010000192958,270,0.0145,-0.0058,0.0203
0344010000192958,90,-0.0056,-0.0014,-0.0042
0344010000193830,0,0.0057,-0.0057,0.0114
0344010000193830,180,-0.0211,-0.0248,0.0036
0344010000193830,270,-0.024,-0.0433,0.0193
0344010000193830,90,-0.0028,-0.0039,0.001
0344010000194132,0,-0.0107,0.0031,-0.0138
0344010000194132,180,-0.0579,-0.0554,-0.0024
0344010000194132,270,-0.0406,0.0008,-0.0413
0344010000194132,90,-0.0154,0.0094,-0.0248
0344010000194150,0,-0.0139,-0.0021,-0.0118
0344010000194150,180,-0.0297,-0.0058,-0.0239
0344010000194150,270,-0.0239,-0.019,-0.0049
0344010000194150,90,-0.0162,-0.0179,0.0017
0344010000194151,0,-0.0139,-0.0021,-0.0118
0344010000194151,180,-0.0297,-0.0058,-0.0239
0344010000194151,270,-0.0239,-0.019,-0.0049
0344010000194151,90,-0.0162,-0.0179,0.0017
0344010000200403,0,-0.0487,-0.0724,0.0237
0344010000200403,180,-0.0487,-0.0724,0.0237
0344010000200403,270,-0.0487,-0.0724,0.0237
0344010000200403,90,-0.0487,-0.0724,0.0237
0344010000200404,0,-0.0487,-0.0724,0.0237
0344010000200404,180,-0.0487,-0.0724,0.0237
0344010000200404,270,-0.0487,-0.0724,0.0237
0344010000200404,90,-0.0487,-0.0724,0.0237
0344010000200405,0,-0.0487,-0.0724,0.0237
0344010000200405,180,-0.0487,-0.0724,0.0237
0344010000200405,270,-0.0487,-0.0724,0.0237
0344010000200405,90,-0.0487,-0.0724,0.0237
0344010000200406,0,-0.0487,-0.0724,0.0237
0344010000200406,180,-0.0487,-0.0724,0.0237
0344010000200406,270,-0.0487,-0.0724,0.0237
0344010000200406,90,-0.0487,-0.0724,0.0237
0344010000200408,0,-0.0487,-0.0724,0.0237
0344010000200408,180,-0.0487,-0.0724,0.0237
0344010000200408,270,-0.0487,-0.0724,0.0237
0344010000200408,90,-0.0487,-0.0724,0.0237
0344010000200409,0,-0.0487,-0.0724,0.0237
0344010000200409,180,-0.0487,-0.0724,0.0237
0344010000200409,270,-0.0487,-0.0724,0.0237
0344010000200409,90,-0.0487,-0.0724,0.0237
0344010000200410,0,-0.0487,-0.0724,0.0237
0344010000200410,180,-0.0487,-0.0724,0.0237
0344010000200410,270,-0.0487,-0.0724,0.0237
0344010000200410,90,-0.0487,-0.0724,0.0237
0344010000200411,0,-0.0487,-0.0724,0.0237
0344010000200411,180,-0.0487,-0.0724,0.0237
0344010000200411,270,-0.0487,-0.0724,0.0237
0344010000200411,90,-0.0487,-0.0724,0.0237
0344010000200412,0,-0.0487,-0.0724,0.0237
0344010000200412,180,-0.0487,-0.0724,0.0237
0344010000200412,270,-0.0487,-0.0724,0.0237
0344010000200412,90,-0.0487,-0.0724,0.0237
0344010000200413,0,-0.0487,-0.0724,0.0237
0344010000200413,180,-0.0487,-0.0724,0.0237
0344010000200413,270,-0.0487,-0.0724,0.0237
0344010000200413,90,-0.0487,-0.0724,0.0237
0344010000200414,0,-0.0487,-0.0724,0.0237
0344010000200414,180,-0.0487,-0.0724,0.0237
0344010000200414,270,-0.0487,-0.0724,0.0237
0344010000200414,90,-0.0487,-0.0724,0.0237
0344010000200415,0,-0.0487,-0.0724,0.0237
0344010000200415,180,-0.0487,-0.0724,0.0237
0344010000200415,270,-0.0487,-0.0724,0.0237
0344010000200415,90,-0.0487,-0.0724,0.0237
0344010000200416,0,-0.0487,-0.0724,0.0237
0344010000200416,180,-0.0487,-0.0724,0.0237
0344010000200416,270,-0.0487,-0.0724,0.0237
0344010000200416,90,-0.0487,-0.0724,0.0237
0344010000200418,0,-0.0487,-0.0724,0.0237
0344010000200418,180,-0.0487,-0.0724,0.0237
0344010000200418,270,-0.0487,-0.0724,0.0237
0344010000200418,90,-0.0487,-0.0724,0.0237
0344010000200421,0,-0.0487,-0.0724,0.0237
0344010000200421,180,-0.0487,-0.0724,0.0237
0344010000200421,270,-0.0487,-0.0724,0.0237
0344010000200421,90,-0.0487,-0.0724,0.0237
0344010000200423,0,-0.0487,-0.0724,0.0237
0344010000200423,180,-0.0487,-0.0724,0.0237
0344010000200423,270,-0.0487,-0.0724,0.0237
0344010000200423,90,-0.0487,-0.0724,0.0237
0344010000200428,0,-0.0487,-0.0724,0.0237
0344010000200428,180,-0.0487,-0.0724,0.0237
0344010000200428,270,-0.0487,-0.0724,0.0237
0344010000200428,90,-0.0487,-0.0724,0.0237
0344010000200430,0,-0.0487,-0.0724,0.0237
0344010000200430,180,-0.0487,-0.0724,0.0237
0344010000200430,270,-0.0487,-0.0724,0.0237
0344010000200430,90,-0.0487,-0.0724,0.0237
0344010000200432,0,-0.0487,-0.0724,0.0237
0344010000200432,180,-0.0487,-0.0724,0.0237
0344010000200432,270,-0.0487,-0.0724,0.0237
0344010000200432,90,-0.0487,-0.0724,0.0237
0344010000200433,0,-0.0487,-0.0724,0.0237
0344010000200433,180,-0.0487,-0.0724,0.0237
0344010000200433,270,-0.0487,-0.0724,0.0237
0344010000200433,90,-0.0487,-0.0724,0.0237
0344010000200798,0,-0.0074,-0.0054,-0.002
0344010000200798,180,-0.0399,-0.036,-0.0039
0344010000200798,270,-0.0274,-0.0424,0.015
0344010000200798,90,0.007,0.0009,0.0061
0344010000201656,0,-0.0443,0.0034,-0.0477
0344010000201656,180,-0.006,0.0445,-0.0505
0344010000201656,270,-0.0279,0.0265,-0.0544
0344010000201656,90,-0.0394,0.017,-0.0565
0344010000201657,0,-0.0167,-0.0486,0.0319
0344010000201657,180,-0.0534,-0.0934,0.0399
0344010000201657,270,-0.0459,-0.0454,-0.0004
0344010000201657,90,-0.0543,-0.0708,0.0165
0344010000203671,0,-0.0487,-0.0724,0.0237
0344010000203671,180,-0.0487,-0.0724,0.0237
0344010000203671,270,-0.0487,-0.0724,0.0237
0344010000203671,90,-0.0487,-0.0724,0.0237
0344010000205294,0,-0.0261,-0.0001,-0.026
0344010000205294,180,-0.005,-0.0204,0.0154
0344010000205294,270,-0.0338,0.0077,-0.0415
0344010000205294,90,-0.0231,0.0055,-0.0286
0344010000205295,0,-0.0298,-0.065,0.0352
0344010000205295,180,-0.0207,-0.0683,0.0476
0344010000205295,270,-0.0227,-0.0548,0.0321
0344010000205295,90,-0.0218,-0.076,0.0542
0344010000205296,0,-0.0298,-0.065,0.0352
0344010000205296,180,-0.0207,-0.0683,0.0476
0344010000205296,270,-0.0227,-0.0548,0.0321
0344010000205296,90,-0.0218,-0.076,0.0542
0344010000205297,0,-0.0298,-0.065,0.0352
0344010000205297,180,-0.0208,-0.0683,0.0475
0344010000205297,270,-0.0227,-0.0548,0.0321
0344010000205297,90,-0.0218,-0.076,0.0542
0344010000205298,0,-0.0298,-0.065,0.0352
0344010000205298,180,-0.0208,-0.0683,0.0475
0344010000205298,270,-0.0227,-0.0548,0.0321
0344010000205298,90,-0.0218,-0.076,0.0542
0344010000205299,0,-0.0298,-0.065,0.0352
0344010000205299,180,-0.0207,-0.0683,0.0476
0344010000205299,270,-0.0227,-0.0548,0.0321
0344010000205299,90,-0.0218,-0.076,0.0542
0344010000205300,0,-0.0298,-0.065,0.0352
0344010000205300,180,-0.0207,-0.0683,0.0476
0344010000205300,270,-0.0227,-0.0548,0.0321
0344010000205300,90,-0.0218,-0.076,0.0542
0344010000205301,0,-0.0103,-0.0129,0.0026
0344010000205301,180,-0.0211,-0.0349,0.0138
0344010000205301,270,-0.0527,-0.044,-0.0087
0344010000205301,90,-0.0035,0.013,-0.0165
0344010000205302,0,-0.0175,0.0011,-0.0186
0344010000205302,180,-0.0313,-0.0329,0.0015
0344010000205302,270,-0.0255,-0.0274,0.0019
0344010000205302,90,0.0085,0.014,-0.0056
0344010000210722,0,-0.0006,0.004,-0.0046
0344010000210722,180,-0.0179,0.0102,-0.0281
0344010000210722,270,-0.0315,-0.0118,-0.0197
0344010000210722,90,-0.0218,-0.0193,-0.0024
0344010000217187,0,0.0053,-0.0155,0.0208
0344010000217187,180,-0.0318,-0.0118,-0.0201
0344010000217187,270,-0.0119,-0.0016,-0.0103
0344010000217187,90,-0.0019,0.015,-0.0169
0344010000223091,0,-0.0629,-0.0548,-0.0081
0344010000223091,180,-0.0232,-0.0444,0.0212
0344010000223091,270,-0.0516,-0.045,-0.0066
0344010000223091,90,-0.0295,-0.0227,-0.0068
0344020000000114,0,-0.027,-0.0519,0.0249
0344020000000114,180,-0.0156,-0.0448,0.0293
0344020000000114,270,-0.0183,-0.0617,0.0435
0344020000000114,90,-0.0304,-0.0721,0.0417
0344030000000028,0,-0.0076,-0.0339,0.0263
0344030000000028,180,0.0137,-0.0399,0.0536
0344030000000028,270,-0.0126,-0.0159,0.0033
0344030000000028,90,0.0139,0.0047,0.0093
0344030000000061,0,-0.0082,-0.0337,0.0254
0344030000000061,180,0.0152,0.0135,0.0016
0344030000000061,270,0.0043,-0.016,0.0203
0344030000000061,90,-0.0071,-0.0059,-0.0012
0344030000000108,0,-0.0141,-0.0201,0.006
0344030000000108,180,-0.0056,-0.0121,0.0064
0344030000000108,270,0.0054,-0.0232,0.0287
0344030000000108,90,0.0025,-0.0269,0.0294
0356010000056905,0,-0.0107,-0.0294,0.0188
0356010000056905,180,-0.0081,-0.0082,0.0
0356010000056905,270,0.0044,0.005,-0.0006
0356010000056905,90,-0.0234,-0.0215,-0.0019
0356010000056906,0,-0.0107,-0.0294,0.0188
0356010000056906,180,-0.0081,-0.0082,0.0
0356010000056906,270,0.0044,0.005,-0.0006
0356010000056906,90,-0.0234,-0.0215,-0.0019
0356010000056907,0,0.0056,0.011,-0.0053
0356010000056907,180,-0.0042,-0.0199,0.0158
0356010000056907,270,0.0083,-0.0041,0.0123
0356010000056907,90,0.017,0.0028,0.0142
0356010000056908,0,0.0056,0.011,-0.0053
0356010000056908,180,-0.0042,-0.0199,0.0158
0356010000056908,270,0.0083,-0.0041,0.0123
0356010000056908,90,0.017,0.0028,0.0142
0356010000056909,0,-0.044,-0.05,0.006
0356010000056909,180,0.0157,0.0237,-0.008
0356010000056909,270,0.0051,0.0067,-0.0016
0356010000056909,90,-0.0333,-0.0171,-0.0162
0356010000056910,0,-0.0429,-0.0513,0.0085
0356010000056910,180,0.0095,0.008,0.0015
0356010000056910,270,0.0229,0.0185,0.0044
0356010000056910,90,-0.0277,-0.0198,-0.0079
0356010000056911,0,-0.0429,-0.0513,0.0085
0356010000056911,180,0.0095,0.008,0.0015
0356010000056911,270,0.0229,0.0185,0.0044
0356010000056911,90,-0.0277,-0.0198,-0.0079
0356010000056912,0,-0.0288,-0.0389,0.0101
0356010000056912,180,0.0118,-0.0033,0.0151
0356010000056912,270,0.0037,0.0023,0.0014
0356010000056912,90,-0.0385,-0.0287,-0.0098
0356010000056913,0,-0.0288,-0.0389,0.0101
0356010000056913,180,0.0118,-0.0033,0.0151
0356010000056913,270,0.0037,0.0023,0.0014
0356010000056913,90,-0.0385,-0.0287,-0.0098
0356010000056914,0,-0.0244,-0.0317,0.0073
0356010000056914,180,0.0172,0.0047,0.0125
0356010000056914,270,-0.0092,-0.0049,-0.0043
0356010000056914,90,-0.0259,-0.0259,-0.0
0356010000056915,0,-0.0244,-0.0317,0.0073
0356010000056915,180,0.0172,0.0047,0.0125
0356010000056915,270,-0.0092,-0.0049,-0.0043
0356010000056915,90,-0.0259,-0.0259,-0.0
0356010000056916,0,-0.01,-0.0257,0.0157
0356010000056916,180,0.0118,0.0078,0.0039
0356010000056916,270,-0.0125,-0.0066,-0.0059
0356010000056916,90,-0.0315,-0.0305,-0.001
0356010000056917,0,-0.0625,-0.0624,-0.0001
0356010000056917,180,0.0077,0.0123,-0.0046
0356010000056917,270,-0.0296,-0.0213,-0.0084
0356010000056917,90,-0.0239,-0.0194,-0.0045
0356010000056918,0,-0.0625,-0.0624,-0.0001
0356010000056918,180,0.0077,0.0123,-0.0046
0356010000056918,270,-0.0296,-0.0213,-0.0084
0356010000056918,90,-0.0239,-0.0194,-0.0045
0356010000061545,0,-0.0216,-0.0329,0.0112
0356010000061545,180,-0.0413,-0.0574,0.016
0356010000061545,270,-0.0286,-0.0443,0.0157
0356010000061545,90,-0.0374,-0.0459,0.0085
0356010000061558,0,-0.0188,-0.0156,-0.0032
0356010000061558,180,0.0087,-0.0117,0.0204
0356010000061558,270,-0.0162,-0.0235,0.0073
0356010000061558,90,-0.0106,-0.0181,0.0075
0356010000061559,0,-0.0328,-0.0185,-0.0142
0356010000061559,180,0.0036,-0.012,0.0156
0356010000061559,270,-0.0122,-0.0212,0.009
0356010000061559,90,0.0107,0.0133,-0.0026
0356010000061560,0,0.0128,-0.0363,0.0491
0356010000061560,180,-0.0548,-0.0563,0.0016
0356010000061560,270,-0.0599,-0.0649,0.005
0356010000061560,90,-0.0766,-0.1045,0.0279
0356010000065870,0,-0.0327,-0.0346,0.002
0356010000065870,180,-0.0223,-0.0342,0.0119
0356010000065870,270,-0.016,-0.042,0.026
0356010000065870,90,-0.0297,-0.0181,-0.0116
0356010000065879,0,-0.0241,-0.0366,0.0125
0356010000065879,180,-0.0367,-0.0362,-0.0004
0356010000065879,270,-0.0137,-0.0331,0.0193
0356010000065879,90,-0.0181,-0.0328,0.0147
0363010000547057,0,-0.0138,0.0176,-0.0313
0363010000547057,180,-0.0148,0.0041,-0.019
0363010000547057,270,-0.0032,0.0062,-0.0094
0363010000547057,90,-0.0573,-0.0444,-0.0129
0363010000547074,0,-0.0138,0.0176,-0.0313
0363010000547074,180,-0.0148,0.0041,-0.019
0363010000547074,270,-0.0032,0.0062,-0.0094
0363010000547074,90,-0.0573,-0.0444,-0.0129
0363010000547075,0,-0.0138,0.0176,-0.0313
0363010000547075,180,-0.0148,0.0041,-0.019
0363010000547075,270,-0.0032,0.0062,-0.0094
0363010000547075,90,-0.0573,-0.0444,-0.0129
0363010000547076,0,-0.0138,0.0176,-0.0313
0363010000547076,180,-0.0148,0.0041,-0.019
0363010000547076,270,-0.0032,0.0062,-0.0094
0363010000547076,90,-0.0573,-0.0444,-0.0129
0363010000547081,0,-0.0036,0.0243,-0.0278
0363010000547081,180,-0.0253,-0.0044,-0.0209
0363010000547081,270,-0.0368,-0.012,-0.0247
0363010000547081,90,-0.0332,0.0075,-0.0407
0363010000547082,0,-0.0036,0.0243,-0.0278
0363010000547082,180,-0.0253,-0.0044,-0.0209
0363010000547082,270,-0.0368,-0.012,-0.0247
0363010000547082,90,-0.0332,0.0075,-0.0407
0363010000547083,0,-0.0036,0.0243,-0.0278
0363010000547083,180,-0.0253,-0.0044,-0.0209
0363010000547083,270,-0.0368,-0.012,-0.0247
0363010000547083,90,-0.0332,0.0075,-0.0407
0363010000547084,0,-0.0036,0.0243,-0.0278
0363010000547084,180,-0.0253,-0.0044,-0.0209
0363010000547084,270,-0.0368,-0.012,-0.0247
0363010000547084,90,-0.0332,0.0075,-0.0407
0363010000547089,0,0.0,0.0017,-0.0016
0363010000547089,180,-0.0133,-0.0071,-0.0062
0363010000547089,270,-0.03,-0.0205,-0.0096
0363010000547089,90,-0.0294,0.0147,-0.0441
0363010000547090,0,0.0,0.0017,-0.0016
0363010000547090,180,-0.0133,-0.0071,-0.0062
0363010000547090,270,-0.03,-0.0205,-0.0096
0363010000547090,90,-0.0294,0.0147,-0.0441
0363010000547091,0,0.0,0.0017,-0.0016
0363010000547091,180,-0.0133,-0.0071,-0.0062
0363010000547091,270,-0.03,-0.0205,-0.0096
0363010000547091,90,-0.0294,0.0147,-0.0441
0363010000547092,0,0.0,0.0017,-0.0016
0363010000547092,180,-0.0133,-0.0071,-0.0062
0363010000547092,270,-0.03,-0.0205,-0.0096
0363010000547092,90,-0.0294,0.0147,-0.0441
0363010000547096,0,0.0,0.0017,-0.0016
0363010000547096,180,-0.0133,-0.0071,-0.0062
0363010000547096,270,-0.03,-0.0205,-0.0096
0363010000547096,90,-0.0294,0.0147,-0.0441
0363010000547097,0,0.0,0.0017,-0.0016
0363010000547097,180,-0.0133,-0.0071,-0.0062
0363010000547097,270,-0.03,-0.0205,-0.0096
0363010000547097,90,-0.0294,0.0147,-0.0441
0363010000547100,0,0.0,0.0017,-0.0016
0363010000547100,180,-0.0133,-0.0071,-0.0062
0363010000547100,270,-0.03,-0.0205,-0.0096
0363010000547100,90,-0.0294,0.0147,-0.0441
0363010000547101,0,0.0,0.0017,-0.0016
0363010000547101,180,-0.0133,-0.0071,-0.0062
0363010000547101,270,-0.03,-0.0205,-0.0096
0363010000547101,90,-0.0294,0.0147,-0.0441
0363010000547106,0,-0.0165,-0.0202,0.0037
0363010000547106,180,-0.0032,-0.0027,-0.0005
0363010000547106,270,-0.0208,-0.0166,-0.0042
0363010000547106,90,-0.0259,0.0108,-0.0367
0363010000547107,0,-0.0165,-0.0202,0.0037
0363010000547107,180,-0.0032,-0.0027,-0.0005
0363010000547107,270,-0.0208,-0.0166,-0.0042
0363010000547107,90,-0.0259,0.0108,-0.0367
0363010000547108,0,-0.0165,-0.0202,0.0037
0363010000547108,180,-0.0032,-0.0027,-0.0005
0363010000547108,270,-0.0208,-0.0166,-0.0042
0363010000547108,90,-0.0259,0.0108,-0.0367
0363010000547109,0,-0.0165,-0.0202,0.0037
0363010000547109,180,-0.0032,-0.0027,-0.0005
0363010000547109,270,-0.0208,-0.0166,-0.0042
0363010000547109,90,-0.0259,0.0108,-0.0367
0363010000550416,0,0.0275,-0.0068,0.0343
0363010000550416,180,-0.0058,0.0013,-0.0071
0363010000550416,270,-0.0041,0.0064,-0.0105
0363010000550416,90,-0.0058,0.0015,-0.0073
0363010000551556,180,-0.0053,0.0134,-0.0187
0363010000551556,90,-0.008,-0.0167,0.0087
0363010000551588,0,-0.0218,0.0004,-0.0222
0363010000551588,180,-0.0099,0.0047,-0.0146
0363010000551588,270,-0.0055,-0.0098,0.0043
0363010000551588,90,0.0017,-0.0089,0.0106
0363010000551589,180,-0.0029,0.0057,-0.0085
0363010000551589,90,-0.0153,-0.021,0.0058
0363010000551590,0,-0.0151,0.0002,-0.0153
0363010000551590,180,-0.0029,0.0057,-0.0085
0363010000551590,270,0.002,-0.0125,0.0145
0363010000551590,90,-0.0153,-0.021,0.0058
0363010000552486,180,-0.0053,0.0134,-0.0187
0363010000552486,270,0.0053,-0.0051,0.0105
0363010000552486,90,-0.008,-0.0167,0.0087
0363010000572449,0,-0.0047,-0.0333,0.0286
0363010000572449,180,0.0075,-0.0101,0.0177
0363010000572449,270,-0.0285,-0.0105,-0.018
0363010000572449,90,-0.0289,-0.0003,-0.0287
0363010000582061,0,-0.0272,-0.0146,-0.0125
0363010000582061,180,-0.0076,0.004,-0.0115
0363010000582061,270,-0.0127,-0.0238,0.0111
0363010000582061,90,-0.0146,-0.0149,0.0002
0363010000582062,0,-0.0272,-0.0146,-0.0125
0363010000582062,180,-0.0076,0.004,-0.0115
0363010000582062,270,-0.0127,-0.0238,0.0111
0363010000582062,90,-0.0146,-0.0149,0.0002
0363010000582063,0,-0.0272,-0.0146,-0.0125
0363010000582063,180,-0.0076,0.004,-0.0115
0363010000582063,270,-0.0127,-0.0238,0.0111
0363010000582063,90,-0.0146,-0.0149,0.0002
0363010000582064,0,-0.0272,-0.0146,-0.0125
0363010000582064,180,-0.0076,0.004,-0.0115
0363010000582064,270,-0.0127,-0.0238,0.0111
0363010000582064,90,-0.0146,-0.0149,0.0002
0363010000582067,0,-0.0272,-0.0146,-0.0125
0363010000582067,180,-0.0076,0.004,-0.0115
0363010000582067,270,-0.0127,-0.0238,0.0111
0363010000582067,90,-0.0146,-0.0149,0.0002
0363010000582068,0,-0.0272,-0.0146,-0.0125
0363010000582068,180,-0.0076,0.004,-0.0115
0363010000582068,270,-0.0127,-0.0238,0.0111
0363010000582068,90,-0.0146,-0.0149,0.0002
0363010000582069,0,-0.0272,-0.0146,-0.0125
0363010000582069,180,-0.0076,0.004,-0.0115
0363010000582069,270,-0.0127,-0.0238,0.0111
0363010000582069,90,-0.0146,-0.0149,0.0002
0363010000582070,0,-0.0272,-0.0146,-0.0125
0363010000582070,180,-0.0076,0.004,-0.0115
0363010000582070,270,-0.0127,-0.0238,0.0111
0363010000582070,90,-0.0146,-0.0149,0.0002
0363010000582073,0,-0.027,-0.0254,-0.0017
0363010000582073,180,-0.0145,0.0,-0.0145
0363010000582073,270,-0.0267,-0.0196,-0.007
0363010000582073,90,-0.0176,-0.0232,0.0056
0363010000582074,0,-0.027,-0.0254,-0.0017
0363010000582074,180,-0.0145,0.0,-0.0145
0363010000582074,270,-0.0267,-0.0196,-0.007
0363010000582074,90,-0.0176,-0.0232,0.0056
0363010000582075,0,-0.027,-0.0254,-0.0017
0363010000582075,180,-0.0145,0.0,-0.0145
0363010000582075,270,-0.0267,-0.0196,-0.007
0363010000582075,90,-0.0176,-0.0232,0.0056
0363010000582076,0,-0.027,-0.0254,-0.0017
0363010000582076,180,-0.0145,0.0,-0.0145
0363010000582076,270,-0.0267,-0.0196,-0.007
0363010000582076,90,-0.0176,-0.0232,0.0056
0363010000582078,0,-0.0123,-0.0087,-0.0037
0363010000582078,180,-0.0113,-0.0003,-0.011
0363010000582078,270,-0.0299,-0.0353,0.0055
0363010000582078,90,-0.001,-0.0238,0.0228
0363010000582079,0,-0.0123,-0.0087,-0.0037
0363010000582079,180,-0.0113,-0.0003,-0.011
0363010000582079,270,-0.0299,-0.0353,0.0055
0363010000582079,90,-0.001,-0.0238,0.0228
0363010000582080,0,-0.0123,-0.0087,-0.0037
0363010000582080,180,-0.0113,-0.0003,-0.011
0363010000582080,270,-0.0299,-0.0353,0.0055
0363010000582080,90,-0.001,-0.0238,0.0228
0363010000582081,0,-0.0123,-0.0087,-0.0037
0363010000582081,180,-0.0113,-0.0003,-0.011
0363010000582081,270,-0.0299,-0.0353,0.0055
0363010000582081,90,-0.001,-0.0238,0.0228
0363010000585632,0,0.0091,-0.0111,0.0202
0363010000585632,180,-0.017,-0.0177,0.0007
0363010000585632,270,-0.019,-0.0297,0.0107
0363010000585632,90,-0.0039,-0.0016,-0.0023
0363010000585633,0,-0.0151,0.0002,-0.0153
0363010000585633,180,-0.0029,0.0057,-0.0085
0363010000585633,270,0.002,-0.0125,0.0145
0363010000585633,90,-0.0153,-0.021,0.0058
0363010000585634,0,-0.0035,0.0028,-0.0063
0363010000585634,180,-0.0053,0.0134,-0.0187
0363010000585634,270,0.0053,-0.0051,0.0105
0363010000585635,0,-0.0035,0.0028,-0.0063
0363010000585635,180,-0.0053,0.0134,-0.0187
0363010000585635,270,0.0053,-0.0051,0.0105
0363010000585636,0,-0.0238,-0.0129,-0.011
0363010000585636,180,-0.0265,-0.0082,-0.0182
0363010000585636,270,-0.0086,-0.02,0.0113
0363010000585637,0,-0.0238,-0.0129,-0.011
0363010000585637,180,-0.0265,-0.0082,-0.0182
0363010000585637,270,-0.0086,-0.02,0.0113
0363010000585637,90,-0.0158,-0.0064,-0.0094
0363010000605042,0,0.0151,0.009,0.0061
0363010000605042,180,-0.0074,0.0096,-0.017
0363010000605042,270,-0.001,-0.039,0.038
0363010000605042,90,-0.0011,-0.0269,0.0258
0363010000605043,0,-0.0251,-0.0111,-0.0139
0363010000605043,180,0.0287,0.0444,-0.0157
0363010000605043,270,-0.0135,0.0132,-0.0267
0363010000605043,90,0.0058,0.0452,-0.0394
0363010000605044,0,-0.0251,-0.0111,-0.0139
0363010000605044,180,0.0287,0.0444,-0.0157
0363010000605044,270,-0.0135,0.0132,-0.0267
0363010000605044,90,0.0058,0.0452,-0.0394
0363010000605045,0,0.0105,0.0141,-0.0036
0363010000605045,180,0.0374,0.0084,0.0289
0363010000605045,270,-0.0071,0.0,-0.0071
0363010000605045,90,0.0371,0.0383,-0.0012
0363010000605046,0,-0.0007,0.0154,-0.0161
0363010000605046,180,0.0342,0.035,-0.0008
0363010000605046,270,0.0005,0.0358,-0.0353
0363010000605046,90,-0.0006,0.0351,-0.0357
0363010000605048,0,0.0126,0.0196,-0.007
0363010000605048,180,-0.0051,0.0119,-0.017
0363010000605048,270,0.0124,0.0365,-0.0241
0363010000605048,90,0.0005,0.0414,-0.0408
0363010000611045,0,0.0045,-0.0139,0.0183
0363010000611045,180,-0.0011,-0.0162,0.0151
0363010000611045,270,-0.0215,-0.0347,0.0132
0363010000611045,90,-0.0079,-0.0094,0.0014
0363010000611046,0,0.0045,-0.0139,0.0183
0363010000611046,180,-0.0011,-0.0162,0.0151
0363010000611046,270,-0.0215,-0.0347,0.0132
0363010000611046,90,-0.0079,-0.0094,0.0014
0363010000611047,0,0.0091,-0.0111,0.0202
0363010000611047,180,-0.017,-0.0177,0.0007
0363010000611047,270,-0.019,-0.0297,0.0107
0363010000611047,90,-0.0039,-0.0016,-0.0023
0363010000621281,0,-0.0293,-0.0145,-0.0148
0363010000621281,180,-0.0038,0.0028,-0.0066
0363010000621281,270,-0.0113,-0.021,0.0097
0363010000621281,90,-0.0114,-0.0181,0.0067
0363010000621282,0,-0.0293,-0.0145,-0.0148
0363010000621282,180,-0.0038,0.0028,-0.0066
0363010000621282,270,-0.0113,-0.021,0.0097
0363010000621282,90,-0.0114,-0.0181,0.0067
0363010000621283,0,-0.0293,-0.0145,-0.0148
0363010000621283,180,-0.0038,0.0028,-0.0066
0363010000621283,270,-0.0113,-0.021,0.0097
0363010000621283,90,-0.0114,-0.0181,0.0067
0363010000621284,0,-0.0293,-0.0145,-0.0148
0363010000621284,180,-0.0038,0.0028,-0.0066
0363010000621284,270,-0.0113,-0.021,0.0097
0363010000621284,90,-0.0114,-0.0181,0.0067
0363010000624493,0,0.0022,-0.0221,0.0243
0363010000624493,180,-0.0146,-0.0169,0.0024
0363010000624493,270,-0.0053,-0.0016,-0.0037
0363010000624493,90,-0.0222,-0.0036,-0.0186
0363010000624494,0,0.0022,-0.0221,0.0243
0363010000624494,180,-0.0146,-0.0169,0.0024
0363010000624494,270,-0.0053,-0.0016,-0.0037
0363010000624494,90,-0.0222,-0.0036,-0.0186
0363010000624495,0,0.0058,-0.0092,0.015
0363010000624495,180,0.0106,0.0019,0.0087
0363010000624495,270,0.0012,-0.0096,0.0108
0363010000624495,90,-0.0162,-0.0136,-0.0025
0363010000624496,0,0.0058,-0.0092,0.015
0363010000624496,180,0.0106,0.0019,0.0087
0363010000624496,270,0.0012,-0.0096,0.0108
0363010000624496,90,-0.0162,-0.0136,-0.0025
0363010000624497,0,0.0058,-0.0092,0.015
0363010000624497,180,0.0106,0.0019,0.0087
0363010000624497,270,0.0012,-0.0096,0.0108
0363010000624497,90,-0.0162,-0.0136,-0.0025
0363010000624511,0,-0.016,-0.0377,0.0217
0363010000624511,180,-0.007,-0.0363,0.0293
0363010000624511,270,-0.0113,-0.0114,0.0001
0363010000624511,90,-0.01,-0.0088,-0.0012
0363010000624513,0,0.0043,-0.0149,0.0192
0363010000624513,180,-0.0096,-0.0081,-0.0015
0363010000624513,270,0.0076,-0.0123,0.0199
0363010000624513,90,-0.0066,-0.0107,0.0042
0363010000624514,0,-0.0216,-0.0336,0.012
0363010000624514,180,-0.0242,-0.0257,0.0015
0363010000624514,270,-0.0157,-0.0139,-0.0018
0363010000624514,90,-0.0291,-0.011,-0.0181
0363010000624519,0,0.0152,0.0003,0.0149
0363010000624519,180,-0.0073,-0.007,-0.0002
0363010000624519,270,-0.0212,-0.0459,0.0247
0363010000624519,90,-0.0002,-0.0163,0.0161
0363010000624677,0,-0.0178,-0.0152,-0.0026
0363010000624677,180,0.0332,0.057,-0.0238
0363010000624677,270,0.0272,0.0292,-0.002
0363010000624677,90,-0.0248,-0.0038,-0.021
0363010000641666,0,-0.0007,-0.0282,0.0275
0363010000641666,180,0.0066,0.0033,0.0033
0363010000641666,270,-0.0049,-0.021,0.0161
0363010000641666,90,0.0169,0.0014,0.0155
0363010000658170,0,-0.0172,0.0054,-0.0226
0363010000658170,180,0.0013,0.0179,-0.0166
0363010000658170,270,0.017,-0.0066,0.0236
0363010000658170,90,-0.0325,-0.0355,0.003
0363010000659190,0,-0.0086,-0.052,0.0434
0363010000659190,180,-0.0178,0.0339,-0.0517
0363010000659190,270,-0.0585,-0.0287,-0.0299
0363010000659190,90,0.0032,0.0156,-0.0124
0363010000659195,0,-0.0199,0.0365,-0.0564
0363010000659195,180,0.0067,0.0448,-0.0381
0363010000659195,270,-0.0328,0.0132,-0.046
0363010000659195,90,-0.0066,0.0179,-0.0245
0363010000659196,0,-0.0199,0.0365,-0.0564
0363010000659196,180,0.0067,0.0448,-0.0381
0363010000659196,270,-0.0328,0.0132,-0.046
0363010000659196,90,-0.0066,0.0179,-0.0245
0363010000659197,0,-0.0199,0.0365,-0.0564
0363010000659197,180,0.0067,0.0448,-0.0381
0363010000659197,270,-0.0328,0.0132,-0.046
0363010000659197,90,-0.0066,0.0179,-0.0245
0363010000659198,0,-0.0199,0.0365,-0.0564
0363010000659198,180,0.0067,0.0448,-0.0381
0363010000659198,270,-0.0328,0.0132,-0.046
0363010000659198,90,-0.0066,0.0179,-0.0245
0363010000664706,0,-0.0244,-0.0116,-0.0129
0363010000664706,180,-0.007,0.0024,-0.0094
0363010000664706,270,0.0194,0.0023,0.0171
0363010000664706,90,-0.0333,-0.023,-0.0103
0363010000664715,0,-0.0155,-0.0031,-0.0124
0363010000664715,180,-0.0286,-0.0024,-0.0261
0363010000664715,270,0.0013,-0.0201,0.0214
0363010000664715,90,-0.0096,-0.0073,-0.0024
0363010000664719,0,-0.0123,0.0161,-0.0284
0363010000664719,180,-0.0321,-0.0021,-0.03
0363010000664719,270,-0.0158,-0.0193,0.0035
0363010000664719,90,-0.0288,-0.0097,-0.0191
0363010000664724,0,-0.0618,-0.0224,-0.0394
0363010000664724,180,-0.0035,0.0364,-0.0399
0363010000664724,270,-0.0226,0.0015,-0.0241
0363010000664724,90,-0.0147,0.0176,-0.0323
0363010000690007,0,0.0056,-0.037,0.0426
0363010000690007,180,0.0028,-0.0141,0.0169
0363010000690007,270,0.0173,-0.0498,0.0672
0363010000690007,90,0.0164,-0.0671,0.0835
0363010000690008,0,0.0056,-0.037,0.0426
0363010000690008,180,0.0028,-0.0141,0.0169
0363010000690008,270,0.0173,-0.0498,0.0672
0363010000690008,90,0.0164,-0.0671,0.0835
0363010000690009,180,0.0028,-0.0141,0.0169
0363010000690009,270,0.0173,-0.0498,0.0672
0363010000690009,90,0.0164,-0.0671,0.0835
0363010000690010,0,0.0056,-0.037,0.0426
0363010000690010,180,0.0028,-0.0141,0.0169
0363010000690010,270,0.0173,-0.0498,0.0672
0363010000690010,90,0.0164,-0.0671,0.0835
0363010000690021,0,0.0056,-0.037,0.0426
0363010000690021,180,0.0028,-0.0141,0.0169
0363010000690021,270,0.0173,-0.0498,0.0672
0363010000690021,90,0.0164,-0.0671,0.0835
0363010000690022,0,0.0056,-0.037,0.0426
0363010000690022,180,0.0028,-0.0141,0.0169
0363010000690022,270,0.0173,-0.0498,0.0672
0363010000690022,90,0.0164,-0.0671,0.0835
0363010000690027,0,0.0056,-0.037,0.0426
0363010000690027,180,0.0028,-0.0141,0.0169
0363010000690027,270,0.0173,-0.0498,0.0672
0363010000690027,90,0.0164,-0.0671,0.0835
0363010000690028,0,0.0056,-0.037,0.0426
0363010000690028,180,0.0028,-0.0141,0.0169
0363010000690028,270,0.0173,-0.0498,0.0672
0363010000690028,90,0.0164,-0.0671,0.0835
0363010000690029,0,0.0056,-0.037,0.0426
0363010000690029,180,0.0028,-0.0141,0.0169
0363010000690029,270,0.0173,-0.0498,0.0672
0363010000690029,90,0.0164,-0.0671,0.0835
0363010000690034,0,-0.0226,-0.0114,-0.0112
0363010000690034,180,-0.0132,0.007,-0.0202
0363010000690034,270,-0.0078,-0.018,0.0102
0363010000690034,90,-0.0262,-0.0062,-0.02
0363010000690039,0,0.0087,0.0017,0.0071
0363010000690039,180,-0.0278,-0.0023,-0.0254
0363010000690039,270,0.0088,-0.0187,0.0275
0363010000690039,90,-0.0182,0.0068,-0.0249
0363010000690044,180,-0.0278,-0.0023,-0.0254
0363010000690044,270,0.0088,-0.0187,0.0275
0363010000690044,90,-0.0182,0.0068,-0.0249
0363010000690045,0,0.0087,0.0017,0.0071
0363010000690045,180,-0.0278,-0.0023,-0.0254
0363010000690045,270,0.0088,-0.0187,0.0275
0363010000690045,90,-0.0182,0.0068,-0.0249
0363010000690046,0,0.0087,0.0017,0.0071
0363010000690046,180,-0.0278,-0.0023,-0.0254
0363010000690046,270,0.0088,-0.0187,0.0275
0363010000690046,90,-0.0182,0.0068,-0.0249
0363010000690050,0,0.0087,0.0017,0.0071
0363010000690050,180,-0.0278,-0.0023,-0.0254
0363010000690050,270,0.0088,-0.0187,0.0275
0363010000690050,90,-0.0182,0.0068,-0.0249
0363010000690051,0,0.0087,0.0017,0.0071
0363010000690051,180,-0.0278,-0.0023,-0.0254
0363010000690051,270,0.0088,-0.0187,0.0275
0363010000690051,90,-0.0182,0.0068,-0.0249
0363010000690052,0,0.0087,0.0017,0.0071
0363010000690052,180,-0.0278,-0.0023,-0.0254
0363010000690052,270,0.0088,-0.0187,0.0275
0363010000690052,90,-0.0182,0.0068,-0.0249
0363010000690056,180,-0.0278,-0.0023,-0.0254
0363010000690056,270,0.0088,-0.0187,0.0275
0363010000690056,90,-0.0182,0.0068,-0.0249
0363010000710730,0,-0.0074,-0.0249,0.0175
0363010000710730,180,-0.0089,-0.0147,0.0058
0363010000710730,270,-0.0102,-0.0167,0.0064
0363010000710730,90,-0.0173,-0.0234,0.0061
0363010000710731,0,-0.0063,-0.0123,0.0061
0363010000710731,180,-0.0249,-0.0204,-0.0045
0363010000710731,270,-0.0193,-0.0248,0.0055
0363010000710732,0,-0.0226,-0.0349,0.0123
0363010000710732,180,-0.0246,-0.0171,-0.0075
0363010000710732,270,-0.0228,-0.008,-0.0148
0363010000710732,90,-0.0121,-0.0181,0.006
0363010000710733,0,-0.0166,-0.0327,0.0161
0363010000710733,180,-0.0149,-0.0187,0.0038
0363010000710733,270,-0.0152,-0.0071,-0.0081
0363010000713923,0,-0.0123,0.0161,-0.0284
0363010000713923,180,-0.0321,-0.0021,-0.03
0363010000713923,270,-0.0158,-0.0193,0.0035
0363010000713923,90,-0.0288,-0.0097,-0.0191
0363010000722804,0,-0.0379,-0.0209,-0.017
0363010000722804,180,-0.0401,-0.0444,0.0043
0363010000722804,270,-0.0324,-0.0389,0.0065
0363010000722804,90,-0.0345,-0.035,0.0004
0363010000722806,0,-0.0379,-0.0209,-0.017
0363010000722806,180,-0.0401,-0.0444,0.0043
0363010000722806,270,-0.0324,-0.0389,0.0065
0363010000722806,90,-0.0345,-0.035,0.0004
0363010000722808,0,-0.0311,-0.0308,-0.0003
0363010000722808,180,0.0024,-0.0092,0.0116
0363010000722808,270,-0.0129,-0.0132,0.0003
0363010000722808,90,-0.0121,-0.0031,-0.009
0363010000722810,180,0.0008,-0.0142,0.015
0363010000722810,270,-0.0078,-0.0112,0.0033
0363010000722810,90,-0.0153,-0.001,-0.0143
0363010000722812,0,-0.0406,-0.0371,-0.0035
0363010000722812,180,0.0008,-0.0142,0.015
0363010000722812,270,-0.0078,-0.0112,0.0033
0363010000722813,0,-0.0406,-0.0371,-0.0035
0363010000722813,180,0.0008,-0.0142,0.015
0363010000722813,270,-0.0078,-0.0112,0.0033
0363010000722813,90,-0.0153,-0.001,-0.0143
0363010000722814,270,-0.0157,-0.0139,-0.0018
0363010000722814,90,-0.0291,-0.011,-0.0181
0363010000722815,0,-0.0406,-0.0371,-0.0035
0363010000722815,180,0.0008,-0.0142,0.015
0363010000722815,270,-0.0078,-0.0112,0.0033
0363010000722815,90,-0.0153,-0.001,-0.0143
0363010000722816,0,-0.016,-0.0377,0.0217
0363010000722816,180,-0.007,-0.0363,0.0293
0363010000722816,270,-0.0113,-0.0114,0.0001
0363010000722816,90,-0.01,-0.0088,-0.0012
0363010000759238,0,-0.0047,0.0016,-0.0063
0363010000759238,180,-0.0414,-0.0283,-0.0131
0363010000759238,270,-0.0099,-0.0257,0.0158
0363010000759238,90,-0.0499,-0.0254,-0.0245
0363010000759239,0,-0.0047,0.0016,-0.0063
0363010000759239,180,-0.0414,-0.0283,-0.0131
0363010000759239,270,-0.0099,-0.0257,0.0158
0363010000759239,90,-0.0499,-0.0254,-0.0245
0363010000759242,0,0.0035,0.0059,-0.0024
0363010000759242,180,-0.0433,-0.0235,-0.0199
0363010000759242,270,0.0282,0.0059,0.0223
0363010000759242,90,-0.0263,-0.0175,-0.0088
0363010000759248,0,0.005,0.0052,-0.0002
0363010000759248,180,-0.0269,-0.0093,-0.0176
0363010000759248,270,0.0013,-0.0105,0.0119
0363010000759248,90,-0.0164,-0.0206,0.0042
0363010000759249,0,0.005,0.0052,-0.0002
0363010000759249,180,-0.0269,-0.0093,-0.0176
0363010000759249,270,0.0013,-0.0105,0.0119
0363010000759249,90,-0.0164,-0.0206,0.0042
0363010000759250,0,0.005,0.0052,-0.0002
0363010000759250,180,-0.0269,-0.0093,-0.0176
0363010000759250,270,0.0013,-0.0105,0.0119
0363010000759250,90,-0.0164,-0.0206,0.0042
0363010000759686,0,-0.01,-0.0456,0.0356
0363010000759686,180,-0.0103,-0.0732,0.0629
0363010000759686,270,0.0344,-0.0484,0.0829
0363010000759686,90,0.0293,-0.0387,0.068
0363010000768208,0,0.0059,-0.0226,0.0285
0363010000768208,180,-0.0067,-0.0367,0.03
0363010000768208,270,-0.0111,-0.018,0.0069
0363010000768208,90,0.0016,-0.0013,0.0029
0363010000772763,0,0.0098,0.006,0.0038
0363010000772763,180,-0.0203,-0.0118,-0.0085
0363010000772763,270,0.0016,-0.0293,0.0309
0363010000772763,90,-0.0066,-0.0336,0.0271
0363010000772764,0,-0.0029,-0.0286,0.0257
0363010000772764,270,0.0009,-0.0169,0.0178
0363010000772764,90,-0.0135,-0.0085,-0.005
0363010000772765,0,-0.0118,-0.0152,0.0034
0363010000772765,180,-0.0273,-0.0085,-0.0188
0363010000772765,270,-0.0207,-0.0274,0.0067
0363010000772765,90,-0.0186,-0.0388,0.0202
0363010000776484,0,-0.0449,-0.0879,0.0431
0363010000776484,180,-0.0264,-0.0703,0.0439
0363010000776484,270,-0.0175,-0.066,0.0485
0363010000776484,90,-0.0611,-0.1012,0.0401
0363010000777684,0,0.0138,0.034,-0.0202
0363010000777684,180,-0.0166,-0.0277,0.0111
0363010000777684,270,-0.0117,0.0006,-0.0123
0363010000777684,90,-0.0163,0.0031,-0.0193
0363010000777895,0,0.0138,0.034,-0.0202
0363010000777895,180,-0.0166,-0.0277,0.0111
0363010000777895,90,-0.0163,0.0031,-0.0193
0363010000777896,0,0.0138,0.034,-0.0202
0363010000777896,180,-0.0166,-0.0277,0.0111
0363010000777896,270,-0.0117,0.0006,-0.0123
0363010000777896,90,-0.0163,0.0031,-0.0193
0363010000783027,0,-0.0259,-0.0518,0.0259
0363010000783027,180,-0.0414,-0.0803,0.0389
0363010000783027,270,-0.0281,-0.0266,-0.0015
0363010000783027,90,-0.0398,-0.0683,0.0284
0363010000783028,0,-0.0259,-0.0518,0.0259
0363010000783028,180,-0.0414,-0.0803,0.0389
0363010000783028,270,-0.0281,-0.0266,-0.0015
0363010000783028,90,-0.0398,-0.0683,0.0284
0363010000783029,0,-0.0259,-0.0518,0.0259
0363010000783029,180,-0.0414,-0.0803,0.0389
0363010000783029,270,-0.0281,-0.0266,-0.0015
0363010000783029,90,-0.0398,-0.0683,0.0284
0363010000783034,0,-0.0259,-0.0518,0.0259
0363010000783034,180,-0.0414,-0.0803,0.0389
0363010000783034,270,-0.0281,-0.0266,-0.0015
0363010000783034,90,-0.0398,-0.0683,0.0284
0363010000783035,0,-0.0259,-0.0518,0.0259
0363010000783035,180,-0.0414,-0.0803,0.0389
0363010000783035,270,-0.0281,-0.0266,-0.0015
0363010000783035,90,-0.0398,-0.0683,0.0284
0363010000783036,0,-0.0259,-0.0518,0.0259
0363010000783036,180,-0.0414,-0.0803,0.0389
0363010000783036,270,-0.0281,-0.0266,-0.0015
0363010000783036,90,-0.0398,-0.0683,0.0284
0363010000783037,0,-0.0259,-0.0518,0.0259
0363010000783037,180,-0.0414,-0.0803,0.0389
0363010000783037,270,-0.0281,-0.0266,-0.0015
0363010000783037,90,-0.0398,-0.0683,0.0284
0363010000783038,0,-0.0259,-0.0518,0.0259
0363010000783038,180,-0.0414,-0.0803,0.0389
0363010000783038,270,-0.0281,-0.0266,-0.0015
0363010000783038,90,-0.0398,-0.0683,0.0284
0363010000783039,0,-0.0259,-0.0518,0.0259
0363010000783039,180,-0.0414,-0.0803,0.0389
0363010000783039,270,-0.0281,-0.0266,-0.0015
0363010000783039,90,-0.0398,-0.0683,0.0284
0363010000783040,0,-0.0623,-0.0655,0.0032
0363010000783040,180,-0.0512,-0.0498,-0.0015
0363010000783040,270,-0.0844,-0.0867,0.0023
0363010000783040,90,-0.0665,-0.0413,-0.0252
0363010000783041,0,-0.0259,-0.0518,0.0259
0363010000783041,180,-0.0414,-0.0803,0.0389
0363010000783041,270,-0.0281,-0.0266,-0.0015
0363010000783041,90,-0.0398,-0.0683,0.0284
0363010000783042,0,-0.0259,-0.0518,0.0259
0363010000783042,180,-0.0414,-0.0803,0.0389
0363010000783042,270,-0.0281,-0.0266,-0.0015
0363010000783042,90,-0.0398,-0.0683,0.0284
0363010000783043,0,-0.0623,-0.0655,0.0032
0363010000783043,180,-0.0512,-0.0498,-0.0015
0363010000783043,270,-0.0844,-0.0867,0.0023
0363010000783043,90,-0.0665,-0.0413,-0.0252
0363010000783044,0,-0.0623,-0.0655,0.0032
0363010000783044,180,-0.0512,-0.0498,-0.0015
0363010000783044,270,-0.0844,-0.0867,0.0023
0363010000783044,90,-0.0665,-0.0413,-0.0252
0363010000783045,0,-0.0623,-0.0655,0.0032
0363010000783045,180,-0.0512,-0.0498,-0.0015
0363010000783045,270,-0.0844,-0.0867,0.0023
0363010000783045,90,-0.0665,-0.0413,-0.0252
0363010000783046,0,-0.0623,-0.0655,0.0032
0363010000783046,180,-0.0512,-0.0498,-0.0015
0363010000783046,270,-0.0844,-0.0867,0.0023
0363010000783046,90,-0.0665,-0.0413,-0.0252
0363010000783047,0,-0.0623,-0.0655,0.0032
0363010000783047,180,-0.0512,-0.0498,-0.0015
0363010000783047,270,-0.0844,-0.0867,0.0023
0363010000783047,90,-0.0665,-0.0413,-0.0252
0363010000783048,0,-0.0623,-0.0655,0.0032
0363010000783048,180,-0.0512,-0.0498,-0.0015
0363010000783048,270,-0.0844,-0.0867,0.0023
0363010000783048,90,-0.0665,-0.0413,-0.0252
0363010000783056,0,-0.0623,-0.0655,0.0032
0363010000783056,180,-0.0512,-0.0498,-0.0015
0363010000783056,270,-0.0844,-0.0867,0.0023
0363010000783056,90,-0.0665,-0.0413,-0.0252
0363010000783070,0,-0.0623,-0.0655,0.0032
0363010000783070,180,-0.0512,-0.0498,-0.0015
0363010000783070,270,-0.0844,-0.0867,0.0023
0363010000783070,90,-0.0665,-0.0413,-0.0252
0363010000784309,0,0.016,0.001,0.015
0363010000784309,180,0.0008,-0.0175,0.0183
0363010000784309,270,-0.01,0.012,-0.022
0363010000784309,90,0.0016,0.0188,-0.0171
0363010000784310,0,0.0283,0.014,0.0143
0363010000784310,180,0.0093,0.02,-0.0108
0363010000784310,270,-0.0218,0.0092,-0.031
0363010000784310,90,-0.0247,0.0108,-0.0355
0363010000784311,0,0.0283,0.014,0.0143
0363010000784311,180,0.0093,0.02,-0.0108
0363010000784311,90,-0.0247,0.0108,-0.0355
0363010000784312,0,0.0391,0.0159,0.0232
0363010000784312,180,-0.0191,-0.0122,-0.0069
0363010000784312,270,-0.0153,0.0226,-0.0379
0363010000784312,90,-0.0386,-0.0161,-0.0224
0363010000784313,0,0.0391,0.0159,0.0232
0363010000784313,180,-0.0191,-0.0122,-0.0069
0363010000784313,270,-0.0153,0.0226,-0.0379
0363010000784313,90,-0.0386,-0.0161,-0.0224
0363010000784314,0,0.0274,0.0249,0.0025
0363010000784314,180,-0.0015,-0.0156,0.0141
0363010000784314,90,-0.0263,-0.0004,-0.0259
0363010000784315,180,0.0047,0.038,-0.0333
0363010000784315,270,-0.0313,-0.0075,-0.0238
0363010000784315,90,-0.035,0.0159,-0.051
0363010000784316,0,0.0249,-0.0071,0.032
0363010000784316,180,0.0047,0.038,-0.0333
0363010000784316,270,-0.0313,-0.0075,-0.0238
0363010000784316,90,-0.035,0.0159,-0.051
0363010000787111,0,0.0391,0.0159,0.0232
0363010000787111,180,-0.0191,-0.0122,-0.0069
0363010000787111,270,-0.0153,0.0226,-0.0379
0363010000787111,90,-0.0386,-0.0161,-0.0224
0363010000787112,0,0.0391,0.0159,0.0232
0363010000787112,180,-0.0191,-0.0122,-0.0069
0363010000787112,270,-0.0153,0.0226,-0.0379
0363010000787112,90,-0.0386,-0.0161,-0.0224
0363010000787113,0,0.0391,0.0159,0.0232
0363010000787113,180,-0.0191,-0.0122,-0.0069
0363010000787113,270,-0.0153,0.0226,-0.0379
0363010000787113,90,-0.0386,-0.0161,-0.0224
0363010000787114,0,0.0391,0.0159,0.0232
0363010000787114,180,-0.0191,-0.0122,-0.0069
0363010000787114,270,-0.0153,0.0226,-0.0379
0363010000787114,90,-0.0386,-0.0161,-0.0224
0363010000787115,0,0.0391,0.0159,0.0232
0363010000787115,180,-0.0191,-0.0122,-0.0069
0363010000787115,270,-0.0153,0.0226,-0.0379
0363010000787115,90,-0.0386,-0.0161,-0.0224
0363010000787116,0,0.0391,0.0159,0.0232
0363010000787116,180,-0.0191,-0.0122,-0.0069
0363010000787116,270,-0.0153,0.0226,-0.0379
0363010000787116,90,-0.0386,-0.0161,-0.0224
0363010000787117,0,0.0391,0.0159,0.0232
0363010000787117,180,-0.0191,-0.0122,-0.0069
0363010000787117,270,-0.0153,0.0226,-0.0379
0363010000787117,90,-0.0386,-0.0161,-0.0224
0363010000787125,0,0.0274,0.0249,0.0025
0363010000787125,180,-0.0015,-0.0156,0.0141
0363010000787125,270,-0.031,0.0038,-0.0347
0363010000787125,90,-0.0263,-0.0004,-0.0259
0363010000787126,0,0.0274,0.0249,0.0025
0363010000787126,180,-0.0015,-0.0156,0.0141
0363010000787126,270,-0.031,0.0038,-0.0347
0363010000787126,90,-0.0263,-0.0004,-0.0259
0363010000787127,0,0.0274,0.0249,0.0025
0363010000787127,180,-0.0015,-0.0156,0.0141
0363010000787127,270,-0.031,0.0038,-0.0347
0363010000787127,90,-0.0263,-0.0004,-0.0259
0363010000787128,0,0.0274,0.0249,0.0025
0363010000787128,180,-0.0015,-0.0156,0.0141
0363010000787128,270,-0.031,0.0038,-0.0347
0363010000787128,90,-0.0263,-0.0004,-0.0259
0363010000803500,0,-0.0015,-0.0154,0.0139
0363010000803500,180,-0.0017,-0.0055,0.0038
0363010000803500,270,0.0186,-0.0362,0.0548
0363010000803500,90,0.0155,-0.0236,0.0391
0363010000803501,0,-0.0015,-0.0154,0.0139
0363010000803501,180,-0.0017,-0.0055,0.0038
0363010000803501,270,0.0186,-0.0362,0.0548
0363010000803501,90,0.0155,-0.0236,0.0391
0363010000803502,180,-0.0213,-0.0223,0.001
0363010000803502,270,-0.0092,-0.0201,0.0109
0363010000803502,90,-0.015,-0.0077,-0.0073
0363010000803503,0,-0.0064,-0.0024,-0.004
0363010000803503,180,-0.0213,-0.0223,0.001
0363010000803503,270,-0.0092,-0.0201,0.0109
0363010000803503,90,-0.015,-0.0077,-0.0073
0363010000803504,0,0.0091,-0.0111,0.0202
0363010000803504,180,-0.017,-0.0177,0.0007
0363010000803504,270,-0.019,-0.0297,0.0107
0363010000803504,90,-0.0039,-0.0016,-0.0023
0363010000804704,0,-0.0131,0.0069,-0.02
0363010000804704,180,-0.0084,0.0094,-0.0178
0363010000804704,270,-0.0087,0.0128,-0.0215
0363010000804704,90,-0.0102,0.0161,-0.0263
0363010000804705,0,-0.0131,0.0069,-0.02
0363010000804705,180,-0.0084,0.0094,-0.0178
0363010000804705,270,-0.0087,0.0128,-0.0215
0363010000804705,90,-0.0102,0.0161,-0.0263
0363010000804708,0,-0.0131,0.0069,-0.02
0363010000804708,180,-0.0084,0.0094,-0.0178
0363010000804708,270,-0.0087,0.0128,-0.0215
0363010000804708,90,-0.0102,0.0161,-0.0263
0363010000804709,0,-0.0131,0.0069,-0.02
0363010000804709,180,-0.0084,0.0094,-0.0178
0363010000804709,270,-0.0087,0.0128,-0.0215
0363010000804709,90,-0.0102,0.0161,-0.0263
0363010000804710,0,-0.0131,0.0069,-0.02
0363010000804710,180,-0.0084,0.0094,-0.0178
0363010000804710,270,-0.0087,0.0128,-0.0215
0363010000804710,90,-0.0102,0.0161,-0.0263
0363010000804714,0,-0.0462,-0.0826,0.0364
0363010000804714,180,-0.0576,-0.0506,-0.007
0363010000804714,270,-0.0147,-0.0114,-0.0033
0363010000804714,90,-0.0276,0.0347,-0.0623
0363010000804715,0,-0.0462,-0.0826,0.0364
0363010000804715,180,-0.0576,-0.0506,-0.007
0363010000804715,270,-0.0147,-0.0114,-0.0033
0363010000804715,90,-0.0276,0.0347,-0.0623
0363010000804719,0,-0.0462,-0.0826,0.0364
0363010000804719,180,-0.0576,-0.0506,-0.007
0363010000804719,270,-0.0147,-0.0114,-0.0033
0363010000804719,90,-0.0276,0.0347,-0.0623
0363010000804723,0,0.0133,-0.0204,0.0338
0363010000804723,180,0.0208,-0.0216,0.0425
0363010000804723,270,0.0203,-0.0042,0.0245
0363010000804723,90,0.0239,-0.0229,0.0467
0363010000807271,0,-0.0141,-0.014,-0.0001
0363010000807271,180,-0.013,-0.0304,0.0174
0363010000807271,270,-0.0042,-0.0335,0.0293
0363010000807271,90,0.0009,-0.0077,0.0086
0363010000807272,0,-0.0122,-0.0157,0.0035
0363010000807272,180,-0.0006,-0.0027,0.0021
0363010000807272,270,-0.019,-0.0111,-0.0079
0363010000807272,90,-0.0193,-0.0287,0.0094
0363010000807273,0,-0.0244,-0.0407,0.0164
0363010000807273,180,-0.0176,-0.0091,-0.0085
0363010000807273,270,-0.0069,-0.0063,-0.0006
0363010000807273,90,-0.0319,-0.0381,0.0063
0363010000807274,0,-0.02,-0.0263,0.0062
0363010000807274,180,-0.0016,-0.0223,0.0207
0363010000807274,270,0.0076,0.0129,-0.0053
0363010000807274,90,-0.0327,-0.0177,-0.015
0363010000817317,0,0.0155,-0.0122,0.0277
0363010000817317,180,-0.0176,-0.0239,0.0063
0363010000817317,270,-0.022,-0.0252,0.0032
0363010000817317,90,-0.0146,-0.0068,-0.0078
0363010000817319,0,0.009,-0.009,0.0181
0363010000817319,180,0.0066,-0.0198,0.0264
0363010000817319,270,-0.0155,-0.0185,0.003
0363010000817319,90,-0.018,0.0083,-0.0263
0363010000837256,0,-0.0246,-0.0051,-0.0196
0363010000837256,180,-0.0045,0.0098,-0.0143
0363010000837256,270,-0.0176,-0.0032,-0.0143
0363010000837256,90,0.0113,0.0136,-0.0023
0363010000837258,0,-0.0292,0.0009,-0.0301
0363010000837258,180,-0.0195,0.0017,-0.0212
0363010000837258,270,-0.0114,0.0051,-0.0165
0363010000837258,90,0.0264,0.0243,0.0022
0363010000837259,0,-0.0191,0.0089,-0.028
0363010000837259,180,-0.0117,0.0051,-0.0168
0363010000837259,270,-0.0186,0.0082,-0.0268
0363010000837259,90,-0.0201,-0.0089,-0.0112
0363010000837260,0,-0.0021,-0.0488,0.0467
0363010000837260,180,-0.0205,-0.056,0.0355
0363010000837260,270,0.0153,-0.0308,0.046
0363010000837260,90,-0.001,-0.0299,0.0289
0363010000837261,0,-0.0153,0.0011,-0.0164
0363010000837261,180,-0.0262,-0.0034,-0.0228
0363010000837261,270,0.0036,0.0075,-0.0039
0363010000837261,90,-0.0052,-0.0062,0.001
0363010000850093,0,-0.0325,-0.0094,-0.0232
0363010000850093,180,0.0018,0.0068,-0.005
0363010000850093,270,-0.0051,-0.0056,0.0005
0363010000850093,90,-0.0098,0.0016,-0.0114
0363010000854284,0,-0.0074,-0.0249,0.0175
0363010000854284,180,-0.0089,-0.0147,0.0058
0363010000854284,90,-0.0173,-0.0234,0.0061
0363010000854286,0,-0.0074,-0.0249,0.0175
0363010000854286,180,-0.0089,-0.0147,0.0058
0363010000854286,270,-0.0102,-0.0167,0.0064
0363010000854286,90,-0.0173,-0.0234,0.0061
0363010000854298,0,-0.0074,-0.0249,0.0175
0363010000854298,180,-0.0089,-0.0147,0.0058
0363010000854298,270,-0.0105,-0.0169,0.0064
0363010000854298,90,-0.0173,-0.0234,0.0061
0363010000854300,0,-0.0074,-0.0249,0.0175
0363010000854300,180,-0.0089,-0.0147,0.0058
0363010000854300,270,-0.0102,-0.0167,0.0064
0363010000854300,90,-0.0173,-0.0234,0.0061
0363010000854302,180,0.0004,-0.0156,0.0161
0363010000854302,270,-0.0054,-0.0258,0.0204
0363010000854302,90,-0.015,-0.0193,0.0044
0363010000854304,270,-0.0054,-0.0258,0.0204
0363010000854306,0,-0.0063,-0.0123,0.0061
0363010000854306,180,-0.0249,-0.0204,-0.0045
0363010000854306,270,-0.0193,-0.0248,0.0055
0363010000854306,90,-0.008,-0.0037,-0.0042
0363010000854308,0,-0.0064,-0.0124,0.0061
0363010000854308,180,-0.0249,-0.0204,-0.0045
0363010000854308,270,-0.0193,-0.0248,0.0055
0363010000854308,90,-0.0078,-0.0036,-0.0043
0363010000854310,0,-0.0226,-0.0349,0.0123
0363010000854310,180,-0.0246,-0.0171,-0.0075
0363010000854310,270,-0.0228,-0.008,-0.0148
0363010000854310,90,-0.0121,-0.0181,0.006
0363010000854312,0,-0.0226,-0.0349,0.0123
0363010000854312,180,-0.0247,-0.0172,-0.0075
0363010000854312,270,-0.023,-0.0081,-0.0148
0363010000854312,90,-0.0121,-0.0181,0.006
0363010000854314,0,-0.0226,-0.0349,0.0123
0363010000854314,180,-0.0246,-0.0171,-0.0075
0363010000854314,270,-0.0228,-0.008,-0.0148
0363010000854314,90,-0.0121,-0.0181,0.006
0363010000854316,0,-0.0226,-0.0349,0.0123
0363010000854316,180,-0.0247,-0.0172,-0.0075
0363010000854316,270,-0.0228,-0.008,-0.0148
0363010000854316,90,-0.0121,-0.0181,0.006
0363010000864938,0,0.0135,-0.001,0.0145
0363010000864938,180,-0.0043,-0.0266,0.0223
0363010000864938,270,-0.0029,-0.0073,0.0045
0363010000864938,90,-0.0012,0.0005,-0.0017
0363010000864939,0,0.0009,0.0052,-0.0043
0363010000864939,180,-0.0112,0.0,-0.0112
0363010000864939,270,-0.0117,-0.0315,0.0198
0363010000864940,0,0.0135,-0.001,0.0145
0363010000864940,180,-0.0043,-0.0266,0.0223
0363010000864940,270,-0.0028,-0.0073,0.0045
0363010000864940,90,-0.0012,0.0005,-0.0017
0363010000864941,0,-0.0281,-0.014,-0.0141
0363010000864941,180,-0.0125,-0.0196,0.0071
0363010000864941,270,0.0125,-0.0233,0.0359
0363010000864941,90,-0.0011,-0.0203,0.0192
0363010000923231,0,0.0101,0.0036,0.0065
0363010000923231,180,-0.0034,-0.0047,0.0014
0363010000923231,270,0.0065,0.0134,-0.007
0363010000923231,90,-0.0077,0.0398,-0.0475
0363010000923232,0,0.0186,0.0198,-0.0012
0363010000923232,180,0.0156,-0.0027,0.0183
0363010000923232,270,-0.0008,0.0238,-0.0246
0363010000923232,90,0.0001,0.0255,-0.0253
0363010000923234,0,0.0206,0.0128,0.0078
0363010000923234,180,0.0057,0.0212,-0.0155
0363010000923234,270,-0.0071,0.0278,-0.0349
0363010000923234,90,0.0028,0.0235,-0.0207
0363010000923235,0,0.0181,0.0075,0.0106
0363010000923235,180,0.0058,-0.0028,0.0086
0363010000923235,270,0.0102,0.0116,-0.0014
0363010000923235,90,-0.0085,0.0318,-0.0403
0363010000923236,0,0.0186,0.0004,0.0182
0363010000923236,180,0.0084,-0.0068,0.0151
0363010000923236,270,0.0035,0.0393,-0.0358
0363010000923236,90,0.0052,0.0296,-0.0244
0363010000923237,0,0.0101,0.0036,0.0065
0363010000923237,180,-0.0034,-0.0047,0.0014
0363010000923237,270,0.0065,0.0134,-0.007
0363010000923237,90,-0.0077,0.0398,-0.0475
0363010000923238,180,0.0111,0.0058,0.0053
0363010000923238,270,-0.005,0.0161,-0.0211
0363010000923238,90,0.007,0.0212,-0.0142
0363010000923239,0,0.0199,0.014,0.0058
0363010000923239,180,0.0034,-0.0055,0.0088
0363010000923239,270,-0.0029,0.0263,-0.0292
0363010000923239,90,0.0034,0.039,-0.0356
0363010000923240,0,0.0205,0.0298,-0.0093
0363010000923240,180,0.0192,0.0287,-0.0095
0363010000923240,270,-0.0099,0.0245,-0.0344
0363010000923240,90,0.0032,0.0196,-0.0164
0363010000923241,0,0.0186,0.0198,-0.0012
0363010000923241,270,-0.0008,0.0238,-0.0246
0363010000923241,90,0.0001,0.0255,-0.0253
0363010000923242,0,0.0205,0.0298,-0.0093
0363010000923242,180,0.0192,0.0287,-0.0095
0363010000923242,90,0.0032,0.0196,-0.0164
0363010000923243,0,0.0186,0.0198,-0.0012
0363010000923243,180,0.0156,-0.0027,0.0183
0363010000923243,90,0.0001,0.0255,-0.0253
0363010000923245,0,0.0206,0.0128,0.0078
0363010000923245,180,0.0057,0.0212,-0.0155
0363010000923245,270,-0.0071,0.0278,-0.0349
0363010000923245,90,0.0028,0.0235,-0.0207
0363010000923247,0,0.0186,0.0004,0.0182
0363010000923247,180,0.0084,-0.0068,0.0151
0363010000923247,270,0.0035,0.0393,-0.0358
0363010000923247,90,0.0052,0.0296,-0.0244
0363010000923249,0,0.0186,0.0004,0.0182
0363010000923249,180,0.0084,-0.0068,0.0151
0363010000923249,270,0.0035,0.0393,-0.0358
0363010000923249,90,0.0052,0.0296,-0.0244
0363010000923251,180,0.0108,0.0056,0.0052
0363010000923251,270,-0.005,0.0161,-0.0211
0363010000923251,90,0.007,0.0212,-0.0142
0363010000923253,0,0.0205,0.0298,-0.0093
0363010000923253,270,-0.0099,0.0245,-0.0344
0363010000923253,90,0.0032,0.0196,-0.0164
0363010000923255,0,0.0205,0.0298,-0.0093
0363010000923255,90,0.0032,0.0196,-0.0164
0363010000949514,0,-0.0047,0.0016,-0.0063
0363010000949514,180,-0.0414,-0.0283,-0.0131
0363010000949514,270,-0.0099,-0.0257,0.0158
0363010000949514,90,-0.0499,-0.0254,-0.0245
0363010000949515,0,-0.0047,0.0016,-0.0063
0363010000949515,180,-0.0414,-0.0283,-0.0131
0363010000949515,270,-0.0099,-0.0257,0.0158
0363010000949515,90,-0.0499,-0.0254,-0.0245
0363010000952889,0,-0.0487,-0.0724,0.0237
0363010000952889,180,-0.0487,-0.0724,0.0237
0363010000952889,270,-0.0487,-0.0724,0.0237
0363010000952889,90,-0.0487,-0.0724,0.0237
0363010000960322,0,-0.0176,-0.0673,0.0497
0363010000960322,180,0.0183,-0.0392,0.0575
0363010000960322,270,-0.0029,-0.0263,0.0234
0363010000960322,90,-0.0372,-0.0544,0.0173
0363010000960323,0,0.0119,-0.0182,0.0301
0363010000960323,180,-0.0327,-0.0586,0.0259
0363010000960323,270,-0.0003,-0.017,0.0167
0363010000960323,90,-0.0535,-0.0593,0.0057
0363010000961615,0,-0.01,-0.0456,0.0356
0363010000961615,180,-0.0103,-0.0732,0.0629
0363010000961615,270,0.0341,-0.0488,0.0828
0363010000961615,90,0.0293,-0.0387,0.068
0363010000977619,0,0.0094,0.0243,-0.0149
0363010000977619,180,-0.0313,0.0015,-0.0328
0363010000977619,270,-0.0196,-0.0344,0.0149
0363010000977619,90,-0.0164,-0.0087,-0.0077
0363010000982251,0,0.0092,0.0118,-0.0026
0363010000982251,180,-0.0128,-0.0042,-0.0085
0363010000982251,270,0.0071,0.0082,-0.0011
0363010000982251,90,-0.0078,-0.0034,-0.0045
0363010000983356,0,-0.0347,-0.0112,-0.0235
0363010000983356,180,-0.0208,0.0083,-0.0291
0363010000983356,270,0.0113,0.0173,-0.006
0363010000983356,90,-0.0287,-0.0154,-0.0133
0363010000986339,0,-0.0112,-0.0053,-0.0059
0363010000986339,180,0.0278,0.0106,0.0172
0363010000986339,270,-0.0196,-0.0116,-0.0079
0363010000986339,90,-0.0201,-0.0138,-0.0063
0363010000988374,0,-0.0071,-0.0158,0.0086
0363010000988374,180,-0.0112,-0.0153,0.0041
0363010000988374,270,-0.004,-0.013,0.009
0363010000988374,90,-0.0013,-0.018,0.0167
0363010001001343,0,0.0158,-0.0059,0.0217
0363010001001343,180,0.0026,-0.0064,0.009
0363010001001343,270,0.0063,-0.0111,0.0174
0363010001001343,90,-0.0026,-0.0087,0.0061
0363010001003396,0,-0.0487,-0.0724,0.0237
0363010001003396,180,-0.0487,-0.0724,0.0237
0363010001003396,270,-0.0487,-0.0724,0.0237
0363010001003396,90,-0.0487,-0.0724,0.0237
0363010001003397,0,-0.0129,-0.0565,0.0436
0363010001003397,180,-0.0179,-0.0673,0.0493
0363010001003397,270,-0.0437,-0.0767,0.033
0363010001003397,90,-0.0558,-0.0845,0.0288
0363010001006365,0,0.0332,0.0031,0.03
0363010001006365,180,-0.0054,-0.0332,0.0279
0363010001006365,270,-0.002,-0.009,0.007
0363010001006365,90,-0.0156,0.0035,-0.019
0363010001008098,0,-0.0462,-0.0826,0.0364
0363010001008098,180,-0.0576,-0.0506,-0.007
0363010001008098,270,-0.0147,-0.0114,-0.0033
0363010001008098,90,-0.0276,0.0347,-0.0623
0363010001008099,0,-0.0462,-0.0826,0.0364
0363010001008099,180,-0.0576,-0.0506,-0.007
0363010001008099,270,-0.0147,-0.0114,-0.0033
0363010001008099,90,-0.0276,0.0347,-0.0623
0363010001008100,0,-0.0462,-0.0826,0.0364
0363010001008100,180,-0.0576,-0.0506,-0.007
0363010001008100,270,-0.0147,-0.0114,-0.0033
0363010001008100,90,-0.0276,0.0347,-0.0623
0363010001009817,180,-0.0191,-0.0122,-0.0069
0363010001009817,270,-0.0153,0.0226,-0.0379
0363010001009817,90,-0.0386,-0.0161,-0.0224
0363010001012406,0,0.0152,0.0003,0.0149
0363010001012406,180,-0.0073,-0.007,-0.0002
0363010001012406,270,-0.0212,-0.0459,0.0247
0363010001012406,90,-0.0002,-0.0163,0.0161
0363010001012409,0,0.0152,0.0003,0.0149
0363010001012409,180,-0.0073,-0.007,-0.0002
0363010001012409,270,-0.0212,-0.0459,0.0247
0363010001012409,90,-0.0002,-0.0163,0.0161
0363010001014270,0,-0.01,-0.0456,0.0356
0363010001014270,180,-0.0103,-0.0732,0.0629
0363010001014270,270,0.0344,-0.0484,0.0829
0363010001014270,90,0.0293,-0.0387,0.068
0363010001014272,0,-0.01,-0.0456,0.0356
0363010001014272,180,-0.0103,-0.0732,0.0629
0363010001014272,270,0.0344,-0.0484,0.0829
0363010001014272,90,0.0293,-0.0387,0.068
0363010001014273,0,-0.01,-0.0456,0.0356
0363010001014273,180,-0.0103,-0.0732,0.0629
0363010001014273,270,0.0344,-0.0484,0.0829
0363010001014273,90,0.0293,-0.0387,0.068
0363010001014274,0,-0.01,-0.0456,0.0356
0363010001014274,180,-0.0103,-0.0732,0.0629
0363010001014274,270,0.0341,-0.0488,0.0828
0363010001014274,90,0.0293,-0.0387,0.068
0363010001026519,0,-0.0177,0.0446,-0.0623
0363010001026519,180,-0.0034,0.0586,-0.062
0363010001026519,270,-0.0038,0.0094,-0.0132
0363010001026519,90,-0.0223,0.0001,-0.0224
0363010001026521,0,0.0063,0.0471,-0.0408
0363010001026521,180,-0.0015,0.0497,-0.0511
0363010001026521,270,0.0046,-0.0014,0.006
0363010001026521,90,0.0007,0.0129,-0.0122
0363010001026575,0,-0.0237,-0.0061,-0.0176
0363010001026575,180,0.0062,0.0064,-0.0003
0363010001026575,270,-0.0251,-0.0014,-0.0236
0363010001026575,90,-0.0023,0.0029,-0.0052
0363010001041621,0,-0.0086,0.0011,-0.0097
0363010001041621,180,0.0123,0.0115,0.0007
0363010001041621,270,0.0081,-0.0159,0.024
0363010001041621,90,-0.0206,-0.0017,-0.019
0363010001042103,0,-0.0462,-0.0826,0.0364
0363010001042103,180,-0.0576,-0.0506,-0.007
0363010001042103,270,-0.0147,-0.0114,-0.0033
0363010001042103,90,-0.0276,0.0347,-0.0623
0363010001042104,0,-0.0462,-0.0826,0.0364
0363010001042104,180,-0.0576,-0.0506,-0.007
0363010001042104,270,-0.0147,-0.0114,-0.0033
0363010001042104,90,-0.0276,0.0347,-0.0623
0363010001955727,0,0.0036,-0.0042,0.0078
0363010001955727,180,0.0228,-0.007,0.0298
0363010001955727,270,-0.0037,-0.0142,0.0105
0363010001955727,90,-0.0081,-0.0152,0.0071
0363010001956927,0,0.0035,0.0059,-0.0024
0363010001956927,180,-0.0433,-0.0235,-0.0199
0363010001956927,270,0.0282,0.0059,0.0223
0363010001956927,90,-0.0263,-0.0175,-0.0088
0363010003695453,0,-0.0423,-0.0127,-0.0295
0363010003695453,180,-0.0381,-0.0299,-0.0082
0363010003695453,270,-0.059,-0.0453,-0.0137
0363010003695453,90,-0.0337,-0.0095,-0.0241
0363010003695454,0,-0.0423,-0.0127,-0.0295
0363010003695454,180,-0.038,-0.0298,-0.0082
0363010003695454,270,-0.059,-0.0453,-0.0137
0363010003695454,90,-0.0337,-0.0095,-0.0241
0363010011005081,0,0.0149,0.0196,-0.0048
0363010011005081,180,0.0169,0.0195,-0.0027
0363010011005081,270,-0.0316,-0.0069,-0.0247
0363010011005081,90,-0.0171,0.0071,-0.0242
0363010011005082,0,0.0149,0.0196,-0.0048
0363010011005082,180,0.0169,0.0195,-0.0027
0363010011005082,270,-0.0316,-0.0069,-0.0247
0363010011005082,90,-0.0171,0.0071,-0.0242
0363010011005083,0,0.0149,0.0196,-0.0048
0363010011005083,180,0.0169,0.0195,-0.0027
0363010011005083,270,-0.0316,-0.0069,-0.0247
0363010011005083,90,-0.0171,0.0071,-0.0242
0363010011005084,0,0.0149,0.0196,-0.0048
0363010011005084,180,0.0169,0.0195,-0.0027
0363010011005084,270,-0.0316,-0.0069,-0.0247
0363010011005084,90,-0.0171,0.0071,-0.0242
0363010011005085,0,0.0149,0.0196,-0.0048
0363010011005085,180,0.0169,0.0195,-0.0027
0363010011005085,270,-0.0316,-0.0069,-0.0247
0363010011005085,90,-0.0171,0.0071,-0.0242
0363010011005086,0,0.0149,0.0196,-0.0048
0363010011005086,180,0.0169,0.0195,-0.0027
0363010011005086,270,-0.0316,-0.0069,-0.0247
0363010011005086,90,-0.0171,0.0071,-0.0242
0363010011005087,0,0.0149,0.0196,-0.0048
0363010011005087,180,0.0169,0.0195,-0.0027
0363010011005087,270,-0.0316,-0.0069,-0.0247
0363010011005087,90,-0.0171,0.0071,-0.0242
0363010011005088,0,0.0149,0.0196,-0.0048
0363010011005088,180,0.0169,0.0195,-0.0027
0363010011005088,270,-0.0316,-0.0069,-0.0247
0363010011005088,90,-0.0171,0.0071,-0.0242
0363010011005089,0,0.0149,0.0196,-0.0048
0363010011005089,180,0.0169,0.0195,-0.0027
0363010011005089,270,-0.0316,-0.0069,-0.0247
0363010011005089,90,-0.0171,0.0071,-0.0242
0363010011005090,0,-0.0116,-0.0116,-0.0001
0363010011005090,180,0.0005,0.0038,-0.0033
0363010011005090,270,-0.0207,-0.0062,-0.0145
0363010011005090,90,-0.0111,0.0214,-0.0326
0363010011005091,0,-0.0116,-0.0116,-0.0001
0363010011005091,180,0.0005,0.0038,-0.0033
0363010011005091,270,-0.0207,-0.0062,-0.0145
0363010011005091,90,-0.0111,0.0214,-0.0326
0363010011005092,0,-0.0116,-0.0116,-0.0001
0363010011005092,180,0.0005,0.0038,-0.0033
0363010011005092,270,-0.0207,-0.0062,-0.0145
0363010011005092,90,-0.0111,0.0214,-0.0326
0363010011005093,0,-0.0116,-0.0116,-0.0001
0363010011005093,180,0.0005,0.0038,-0.0033
0363010011005093,270,-0.0207,-0.0062,-0.0145
0363010011005093,90,-0.0111,0.0214,-0.0326
0363010011005094,180,0.0005,0.0038,-0.0033
0363010011005094,270,-0.0207,-0.0062,-0.0145
0363010011005094,90,-0.0111,0.0214,-0.0326
0363010011005095,0,-0.0116,-0.0116,-0.0001
0363010011005095,180,0.0005,0.0038,-0.0033
0363010011005095,270,-0.0207,-0.0062,-0.0145
0363010011005095,90,-0.0111,0.0214,-0.0326
0363010011005096,0,-0.0116,-0.0116,-0.0001
0363010011005096,180,0.0005,0.0038,-0.0033
0363010011005096,270,-0.0207,-0.0062,-0.0145
0363010011005096,90,-0.0111,0.0214,-0.0326
0363010011005097,0,-0.0116,-0.0116,-0.0001
0363010011005097,180,0.0005,0.0038,-0.0033
0363010011005097,270,-0.0207,-0.0062,-0.0145
0363010011005098,0,-0.0116,-0.0116,-0.0001
0363010011005098,270,-0.0207,-0.0062,-0.0145
0363010011005098,90,-0.0111,0.0214,-0.0326
0363010011005099,0,-0.0116,-0.0116,-0.0001
0363010011005099,180,0.0005,0.0038,-0.0033
0363010011005099,270,-0.0207,-0.0062,-0.0145
0363010011005099,90,-0.0111,0.0214,-0.0326
0363010011005101,0,-0.0116,-0.0116,-0.0001
0363010011005101,180,0.0005,0.0038,-0.0033
0363010011005101,270,-0.0207,-0.0062,-0.0145
0363010011005101,90,-0.0111,0.0214,-0.0326
0363010011259277,0,0.0024,0.0018,0.0006
0363010011259277,180,0.0045,0.029,-0.0245
0363010011259277,270,0.0132,0.0164,-0.0032
0363010011259277,90,0.012,0.0405,-0.0285
0363010011259278,0,0.0218,0.0189,0.0028
0363010011259278,180,-0.0087,0.0277,-0.0364
0363010011259278,270,0.0037,0.0218,-0.0182
0363010011259278,90,-0.0113,0.0199,-0.0312
0363010011259279,0,0.0151,0.009,0.0061
0363010011259279,180,-0.0069,0.0101,-0.017
0363010011259279,270,-0.001,-0.039,0.038
0363010011259279,90,-0.0012,-0.027,0.0258
0363010011290833,180,-0.0084,0.0094,-0.0178
0363010011290833,270,-0.0087,0.0128,-0.0215
0363010011290833,90,-0.0102,0.0161,-0.0263
0363010011290834,270,-0.0087,0.0128,-0.0215
0363010011290834,90,-0.0102,0.0161,-0.0263
0363010012066876,0,-0.0326,-0.0499,0.0173
0363010012066876,180,-0.015,-0.0399,0.025
0363010012066876,270,-0.0167,-0.042,0.0254
0363010012066876,90,-0.0062,-0.0251,0.0189
0363010012066877,0,-0.0326,-0.0499,0.0173
0363010012066877,180,-0.015,-0.0399,0.025
0363010012066877,270,-0.0167,-0.042,0.0254
0363010012066877,90,-0.0062,-0.0251,0.0189
0363010012066878,0,-0.0326,-0.0499,0.0173
0363010012066878,180,-0.015,-0.0399,0.025
0363010012066878,270,-0.0167,-0.042,0.0254
0363010012066878,90,-0.0062,-0.0251,0.0189
0363010012067303,0,0.0021,-0.0038,0.006
0363010012067303,180,-0.0107,-0.0177,0.0069
0363010012067303,270,-0.0195,-0.0225,0.003
0363010012067303,90,0.0001,0.004,-0.0038
0363010012067304,0,0.0046,-0.0071,0.0117
0363010012067304,270,-0.0111,-0.0083,-0.0027
0363010012067304,90,-0.004,-0.0169,0.0129
0363010012077451,0,0.0061,0.0015,0.0046
0363010012077451,180,0.0133,-0.0001,0.0133
0363010012077451,270,-0.0197,-0.0135,-0.0062
0363010012077451,90,-0.0017,-0.0117,0.01
0363010012078308,0,0.0021,0.0036,-0.0015
0363010012078308,180,-0.0164,-0.0139,-0.0025
0363010012078308,270,-0.0091,0.0093,-0.0185
0363010012078308,90,0.0173,0.0089,0.0084
0363010012078382,0,-0.0002,-0.0397,0.0396
0363010012078382,180,-0.02,-0.0532,0.0333
0363010012078382,270,-0.004,-0.0004,-0.0037
0363010012080367,0,-0.0113,0.0249,-0.0362
0363010012080367,180,0.0242,0.0473,-0.0231
0363010012080367,270,-0.0141,0.0274,-0.0415
0363010012080367,90,-0.0195,0.0167,-0.0362
0363010012080368,0,-0.0113,0.0249,-0.0362
0363010012080368,180,0.0242,0.0473,-0.0231
0363010012080368,270,-0.0141,0.0274,-0.0415
0363010012080368,90,-0.0195,0.0167,-0.0362
0363010012080388,0,-0.0325,-0.0094,-0.0232
0363010012080388,180,0.0018,0.0068,-0.005
0363010012080388,270,-0.0051,-0.0056,0.0005
0363010012080388,90,-0.0098,0.0016,-0.0114
0363010012080389,0,-0.0325,-0.0094,-0.0232
0363010012080389,180,0.0018,0.0068,-0.005
0363010012080389,270,-0.0051,-0.0056,0.0005
0363010012080389,90,-0.0098,0.0016,-0.0114
0363010012082729,180,0.0108,0.0056,0.0052
0363010012082729,90,0.007,0.0212,-0.0142
0363010012088554,0,0.0022,0.0181,-0.0159
0363010012088554,270,-0.0125,0.0151,-0.0276
0363010012088554,90,-0.0222,0.0187,-0.0409
0363010012088555,0,0.0088,0.0165,-0.0078
0363010012088555,180,0.017,0.0343,-0.0173
0363010012088555,270,-0.0043,0.0423,-0.0466
0363010012088555,90,0.0088,0.0183,-0.0095
0363010012088565,0,0.0039,0.0129,-0.009
0363010012088565,180,0.014,0.0143,-0.0003
0363010012088565,270,-0.0131,0.0317,-0.0448
0363010012088565,90,-0.0042,0.0368,-0.0411
0363010012088566,0,0.0039,0.0129,-0.009
0363010012088566,180,0.014,0.0143,-0.0003
0363010012088566,270,-0.0131,0.0317,-0.0448
0363010012088566,90,-0.0042,0.0368,-0.0411
0363010012088567,0,0.0092,0.0217,-0.0125
0363010012088567,180,0.0108,0.046,-0.0352
0363010012088567,270,0.0008,0.0325,-0.0318
0363010012088567,90,-0.0082,0.0183,-0.0264
0363010012088568,0,0.0092,0.0217,-0.0125
0363010012088568,180,0.0108,0.046,-0.0352
0363010012088568,270,0.0008,0.0325,-0.0318
0363010012088568,90,-0.0082,0.0183,-0.0264
0363010012088569,0,0.0092,0.0217,-0.0125
0363010012088569,180,0.0108,0.046,-0.0352
0363010012088569,270,0.0008,0.0325,-0.0318
0363010012088569,90,-0.0082,0.0183,-0.0264
0363010012088576,0,0.0123,0.0261,-0.0138
0363010012088576,180,0.0132,0.0114,0.0018
0363010012088576,270,-0.0076,0.0221,-0.0297
0363010012088576,90,-0.007,0.025,-0.032
0363010012088577,0,0.0123,0.0261,-0.0138
0363010012088577,270,-0.0076,0.0221,-0.0297
0363010012088577,90,-0.007,0.025,-0.032
0363010012088578,0,0.0123,0.0261,-0.0138
0363010012088578,180,0.0132,0.0114,0.0018
0363010012088578,270,-0.0076,0.0221,-0.0297
0363010012088578,90,-0.007,0.025,-0.032
0363010012088579,0,0.0221,0.0177,0.0044
0363010012088579,180,-0.0068,-0.0137,0.0069
0363010012088579,270,0.0028,0.0138,-0.011
0363010012088579,90,-0.0038,0.0195,-0.0234
0363010012088580,0,0.0221,0.0177,0.0044
0363010012088580,180,-0.0068,-0.0137,0.0069
0363010012088580,270,0.0028,0.0138,-0.011
0363010012088580,90,-0.0038,0.0195,-0.0234
0363010012088581,0,0.0221,0.0177,0.0044
0363010012088581,180,-0.0068,-0.0137,0.0069
0363010012088581,270,0.0028,0.0138,-0.011
0363010012088581,90,-0.0038,0.0195,-0.0234
0363010012092072,0,-0.0164,0.0058,-0.0222
0363010012092072,180,-0.0353,-0.0313,-0.004
0363010012092072,270,-0.0228,-0.046,0.0232
0363010012092072,90,-0.0595,-0.0735,0.014
0363010012098418,0,0.0192,0.0053,0.0139
0363010012098418,180,0.0164,0.0077,0.0087
0363010012098418,270,-0.0034,0.0073,-0.0106
0363010012098418,90,-0.0091,0.0109,-0.02
0363010012098419,0,0.0181,0.009,0.0091
0363010012098419,180,0.0074,0.0171,-0.0097
0363010012098419,270,0.0113,0.0128,-0.0015
0363010012098419,90,0.0042,0.0131,-0.0089
0363010012098420,0,0.0181,0.009,0.0091
0363010012098420,180,0.0074,0.0171,-0.0097
0363010012098420,270,0.0113,0.0128,-0.0015
0363010012098420,90,0.0042,0.0131,-0.0089
0363010012098421,0,0.0181,0.009,0.0091
0363010012098421,180,0.0074,0.0171,-0.0097
0363010012098421,270,0.0113,0.0128,-0.0015
0363010012098421,90,0.0042,0.0131,-0.0089
0363010012098940,0,-0.0789,-0.084,0.0051
0363010012098940,180,-0.0551,-0.0874,0.0323
0363010012098940,270,-0.0741,-0.0854,0.0113
0363010012098940,90,-0.0709,-0.0888,0.0179
0363010012108842,0,-0.0487,-0.0724,0.0237
0363010012108842,180,-0.0487,-0.0724,0.0237
0363010012108842,270,-0.0487,-0.0724,0.0237
0363010012108842,90,-0.0487,-0.0724,0.0237
0363010012109267,0,0.0062,0.0199,-0.0137
0363010012109267,180,0.0058,0.0033,0.0024
0363010012109267,270,-0.0052,-0.001,-0.0041
0363010012109267,90,-0.0174,-0.0044,-0.013
0363010012109398,0,0.0076,0.0291,-0.0215
0363010012109398,180,0.0281,0.0302,-0.0021
0363010012109398,270,-0.0138,0.0291,-0.0429
0363010012109398,90,-0.0184,0.0261,-0.0445
0363010012110115,0,0.0056,-0.037,0.0426
0363010012110115,180,0.0028,-0.0141,0.0169
0363010012110115,270,0.0173,-0.0498,0.0672
0363010012110115,90,0.0164,-0.0671,0.0835
0363010012116312,0,-0.0112,-0.0053,-0.0059
0363010012116312,180,0.0278,0.0106,0.0172
0363010012116312,270,-0.0196,-0.0116,-0.0079
0363010012116312,90,-0.0201,-0.0138,-0.0063
0363010012116313,0,-0.0487,-0.0724,0.0237
0363010012116313,180,-0.0487,-0.0724,0.0237
0363010012116313,270,-0.0487,-0.0724,0.0237
0363010012116313,90,-0.0487,-0.0724,0.0237
0363010012132875,0,-0.0618,-0.0224,-0.0394
0363010012132875,180,-0.0035,0.0364,-0.0399
0363010012132875,270,-0.0226,0.0015,-0.0241
0363010012132875,90,-0.0147,0.0176,-0.0323
0363010012148529,0,-0.0087,-0.0032,-0.0055
0363010012148529,180,-0.0265,-0.0219,-0.0046
0363010012148529,270,-0.0318,-0.0316,-0.0002
0363010012148529,90,-0.0085,-0.0257,0.0171
0363010012148539,0,-0.0087,-0.0032,-0.0055
0363010012148539,180,-0.0265,-0.0219,-0.0046
0363010012148539,270,-0.0318,-0.0316,-0.0002
0363010012148539,90,-0.0085,-0.0257,0.0171
0363010012148540,0,0.014,0.0073,0.0067
0363010012148540,180,-0.0345,-0.0293,-0.0052
0363010012148540,270,-0.0131,-0.0278,0.0148
0363010012148540,90,-0.0166,-0.0183,0.0016
0363010012148549,0,-0.0087,-0.0032,-0.0055
0363010012148549,180,-0.0265,-0.0219,-0.0046
0363010012148549,270,-0.0318,-0.0316,-0.0002
0363010012148549,90,-0.0085,-0.0257,0.0171
0363010012148550,0,0.014,0.0073,0.0067
0363010012148550,180,-0.0345,-0.0293,-0.0052
0363010012148550,270,-0.0131,-0.0278,0.0148
0363010012148550,90,-0.0166,-0.0183,0.0016
0363010012148735,0,0.014,0.0073,0.0067
0363010012148735,180,-0.0345,-0.0293,-0.0052
0363010012148735,270,-0.0131,-0.0278,0.0148
0363010012148735,90,-0.0166,-0.0183,0.0016
0363010012148745,0,-0.0087,-0.0032,-0.0055
0363010012148745,180,-0.0265,-0.0219,-0.0046
0363010012148745,270,-0.0318,-0.0316,-0.0002
0363010012148745,90,-0.0085,-0.0257,0.0171
0363010012148746,0,-0.0087,-0.0032,-0.0055
0363010012148746,180,-0.0265,-0.0219,-0.0046
0363010012148746,270,-0.0318,-0.0316,-0.0002
0363010012148746,90,-0.0085,-0.0257,0.0171
0363010012148753,0,-0.0087,-0.0032,-0.0055
0363010012148753,180,-0.0265,-0.0219,-0.0046
0363010012148753,270,-0.0318,-0.0316,-0.0002
0363010012148753,90,-0.0085,-0.0257,0.0171
0363010012148762,0,0.014,0.0073,0.0067
0363010012148762,180,-0.0345,-0.0293,-0.0052
0363010012148762,270,-0.0131,-0.0278,0.0148
0363010012148762,90,-0.0166,-0.0183,0.0016
0363010012151191,0,-0.0086,0.0011,-0.0097
0363010012151191,180,0.0123,0.0115,0.0007
0363010012151191,270,0.0081,-0.0159,0.024
0363010012151191,90,-0.0206,-0.0017,-0.019
0363010012155077,0,-0.0005,-0.0198,0.0193
0363010012155077,180,-0.0161,-0.0261,0.0101
0363010012155077,270,0.0039,-0.0295,0.0335
0363010012155077,90,0.0126,-0.0216,0.0341
0363010012155078,0,-0.0042,-0.0414,0.0372
0363010012155078,180,-0.0082,-0.0076,-0.0006
0363010012155078,270,-0.0109,-0.0042,-0.0067
0363010012155078,90,-0.0092,-0.0033,-0.0059
0363010012157005,180,-0.0022,-0.0165,0.0143
0363010012157005,270,-0.0136,-0.0204,0.0068
0363010012157006,0,-0.0171,-0.0173,0.0001
0363010012157006,180,-0.0022,-0.0165,0.0143
0363010012157006,270,-0.0136,-0.0204,0.0068
0363010012157006,90,-0.0074,-0.0166,0.0092
0363010012158167,0,-0.0487,-0.0724,0.0237
0363010012158167,180,-0.0487,-0.0724,0.0237
0363010012158167,270,-0.0487,-0.0724,0.0237
0363010012158167,90,-0.0487,-0.0724,0.0237
0363010012164013,0,0.0035,0.0059,-0.0024
0363010012164013,180,-0.0433,-0.0235,-0.0199
0363010012164013,270,0.0282,0.0059,0.0223
0363010012164014,0,0.0035,0.0059,-0.0024
0363010012164014,180,-0.0433,-0.0235,-0.0199
0363010012164014,270,0.0282,0.0059,0.0223
0363010012164014,90,-0.0263,-0.0175,-0.0088
0363010012171888,0,0.0125,0.0207,-0.0082
0363010012171888,180,-0.0127,-0.0171,0.0044
0363010012171888,270,0.0051,0.0104,-0.0054
0363010012171888,90,0.0035,-0.0159,0.0194
0363010012171889,0,0.0125,0.0207,-0.0082
0363010012171889,180,-0.0127,-0.0171,0.0044
0363010012171889,270,0.0051,0.0104,-0.0054
0363010012171889,90,0.0035,-0.0159,0.0194
0363010012171890,0,0.0125,0.0207,-0.0082
0363010012171890,180,-0.0127,-0.0171,0.0044
0363010012171890,270,0.0051,0.0104,-0.0054
0363010012171890,90,0.0035,-0.0159,0.0194
0363010012171891,0,0.0125,0.0207,-0.0082
0363010012171891,180,-0.0127,-0.0171,0.0044
0363010012171891,270,0.0051,0.0104,-0.0054
0363010012171891,90,0.0035,-0.0159,0.0194
0363010012171892,0,0.0125,0.0207,-0.0082
0363010012171892,180,-0.0127,-0.0171,0.0044
0363010012171892,270,0.0051,0.0104,-0.0054
0363010012171892,90,0.0035,-0.0159,0.0194
0363010012171893,0,0.0125,0.0207,-0.0082
0363010012171893,180,-0.0127,-0.0171,0.0044
0363010012171893,270,0.0051,0.0104,-0.0054
0363010012171893,90,0.0035,-0.0159,0.0194
0363010012171894,0,0.0125,0.0207,-0.0082
0363010012171894,180,-0.0127,-0.0171,0.0044
0363010012171894,270,0.0051,0.0104,-0.0054
0363010012171894,90,0.0035,-0.0159,0.0194
0363010012171895,0,0.0125,0.0207,-0.0082
0363010012171895,180,-0.0127,-0.0171,0.0044
0363010012171895,270,0.0051,0.0104,-0.0054
0363010012171895,90,0.0035,-0.0159,0.0194
0363010012171899,0,0.0125,0.0207,-0.0082
0363010012171899,180,-0.0127,-0.0171,0.0044
0363010012171899,270,0.0051,0.0104,-0.0054
0363010012171899,90,0.0035,-0.0159,0.0194
0363010012171900,0,0.0125,0.0207,-0.0082
0363010012171900,180,-0.0127,-0.0171,0.0044
0363010012171900,270,0.0051,0.0104,-0.0054
0363010012171900,90,0.0035,-0.0159,0.0194
0363010012575058,0,-0.0104,-0.0065,-0.0039
0363010012575058,180,-0.0425,-0.0162,-0.0263
0363010012575058,270,-0.0113,-0.0037,-0.0076
0363010012575058,90,-0.0236,-0.0018,-0.0219
0363010012576426,0,-0.0164,0.0058,-0.0222
0363010012576426,180,-0.0353,-0.0313,-0.004
0363010012576426,270,-0.0228,-0.046,0.0232
0363010012576426,90,-0.0595,-0.0735,0.014
0363020001033158,0,-0.0162,-0.012,-0.0042
0363020001033158,180,-0.0283,-0.0178,-0.0105
0363020001033158,270,-0.0282,-0.0116,-0.0165
0363020001038819,0,0.0101,0.0036,0.0065
0363020001038819,180,-0.0034,-0.0047,0.0014
0363020001038819,270,0.0065,0.0134,-0.007
0363020001038819,90,-0.0077,0.0398,-0.0475
0599010000015079,0,0.0023,-0.0308,0.0332
0599010000015079,180,0.0047,-0.0159,0.0205
0599010000015079,270,0.0515,0.0355,0.016
0599010000016615,0,0.0087,-0.0013,0.0101
0599010000016615,180,-0.0031,-0.0132,0.0101
0599010000016615,270,-0.0199,0.0048,-0.0247
0599010000016615,90,-0.0076,-0.0041,-0.0035
0599010000017286,0,-0.019,-0.0115,-0.0075
0599010000017286,180,0.0056,-0.0114,0.0171
0599010000017286,270,0.0075,0.0123,-0.0048
0599010000017286,90,-0.0666,-0.0484,-0.0182
0599010000017287,0,-0.0242,-0.0111,-0.0131
0599010000017287,180,-0.0091,-0.0018,-0.0073
0599010000017287,270,-0.0049,-0.0082,0.0032
0599010000017287,90,-0.0532,-0.0347,-0.0185
0599010000017445,0,-0.0084,-0.0282,0.0198
0599010000017445,180,-0.001,-0.0242,0.0231
0599010000017445,270,-0.0212,-0.0151,-0.0061
0599010000017445,90,-0.0343,-0.0093,-0.025
0599010000019851,0,-0.0057,-0.0026,-0.0031
0599010000019851,180,-0.0255,-0.0423,0.0167
0599010000019851,270,-0.0024,-0.0365,0.0341
0599010000019851,90,-0.0036,0.0047,-0.0083
0599010000020022,0,-0.0141,-0.0108,-0.0032
0599010000020022,180,0.0181,0.0271,-0.0091
0599010000020022,270,-0.013,0.0057,-0.0187
0599010000020022,90,-0.0053,0.0217,-0.0269
0599010000020151,0,-0.029,-0.0029,-0.026
0599010000020151,180,0.0037,0.0082,-0.0044
0599010000020151,270,-0.0195,0.0162,-0.0357
0599010000020151,90,-0.017,-0.0064,-0.0107
0599010000022527,0,-0.0186,-0.063,0.0444
0599010000022527,180,-0.031,-0.0551,0.0241
0599010000022527,270,-0.0316,-0.0746,0.043
0599010000022527,90,-0.0391,-0.0817,0.0426
0599010000024492,0,0.0087,-0.0013,0.0101
0599010000024492,180,-0.0031,-0.0132,0.0101
0599010000024492,270,-0.0199,0.0048,-0.0247
0599010000024492,90,-0.0076,-0.0041,-0.0035
0599010000024898,0,0.009,-0.0076,0.0167
0599010000024898,180,0.023,0.0161,0.0069
0599010000024898,270,-0.0099,0.0024,-0.0123
0599010000024898,90,-0.0055,-0.0037,-0.0018
0599010000025354,0,-0.029,-0.0029,-0.026
0599010000025354,180,0.0037,0.0082,-0.0044
0599010000025354,270,-0.0195,0.0162,-0.0357
0599010000025354,90,-0.017,-0.0064,-0.0107
0599010000027755,0,-0.0242,-0.0111,-0.0131
0599010000027755,180,-0.0091,-0.0018,-0.0073
0599010000027755,270,-0.0049,-0.0082,0.0032
0599010000027755,90,-0.0532,-0.0347,-0.0185
0599010000030015,0,-0.0153,-0.0211,0.0059
0599010000030015,180,0.0005,-0.0192,0.0197
0599010000030015,270,-0.03,-0.0019,-0.0281
0599010000030015,90,-0.0175,-0.0057,-0.0118
0599010000030389,0,0.0041,0.013,-0.0089
0599010000030389,180,-0.0257,0.0033,-0.029
0599010000030389,270,0.0128,-0.004,0.0168
0599010000030389,90,0.0251,0.0293,-0.0041
0599010000031055,0,-0.019,-0.0115,-0.0075
0599010000031055,180,0.0056,-0.0114,0.0171
0599010000031055,270,0.0075,0.0123,-0.0048
0599010000031055,90,-0.0666,-0.0484,-0.0182
0599010000032190,0,-0.0245,-0.0135,-0.011
0599010000032190,180,-0.032,-0.0205,-0.0115
0599010000032190,270,-0.0281,-0.0218,-0.0063
0599010000032190,90,-0.0161,0.0007,-0.0168
0599010000036837,0,-0.029,-0.0029,-0.026
0599010000036837,180,0.0037,0.0082,-0.0044
0599010000036837,270,-0.0195,0.0162,-0.0357
0599010000036837,90,-0.017,-0.0064,-0.0107
0599010000037054,0,-0.0242,-0.0111,-0.0131
0599010000037054,180,-0.0091,-0.0018,-0.0073
0599010000037054,270,-0.0049,-0.0082,0.0032
0599010000037054,90,-0.0532,-0.0347,-0.0185
0599010000039646,0,-0.0332,-0.0169,-0.0164
0599010000039646,180,-0.0456,-0.0304,-0.0152
0599010000039646,270,-0.0132,-0.0111,-0.0021
0599010000039646,90,0.0045,-0.0017,0.0062
0599010000040930,0,-0.0487,-0.0724,0.0237
0599010000040930,180,-0.0487,-0.0724,0.0237
0599010000040930,270,-0.0487,-0.0724,0.0237
0599010000040930,90,-0.0487,-0.0724,0.0237
0599010000042882,0,-0.0245,-0.0135,-0.011
0599010000042882,180,-0.032,-0.0205,-0.0115
0599010000042882,270,-0.0281,-0.0218,-0.0063
0599010000042882,90,-0.0161,0.0007,-0.0168
0599010000042883,0,-0.0216,-0.0134,-0.0082
0599010000042883,180,-0.0244,-0.0158,-0.0085
0599010000042883,270,-0.0296,-0.0162,-0.0134
0599010000042883,90,-0.0295,0.004,-0.0335
0599010000044399,180,0.0141,0.0136,0.0005
0599010000044399,270,0.0365,-0.0148,0.0514
0599010000044399,90,-0.0044,0.0021,-0.0064
0599010000046265,0,-0.0245,-0.0135,-0.011
0599010000046265,180,-0.032,-0.0205,-0.0115
0599010000046265,270,-0.0281,-0.0218,-0.0063
0599010000046265,90,-0.0161,0.0007,-0.0168
0599010000047001,0,-0.029,-0.0029,-0.026
0599010000047001,180,0.0037,0.0082,-0.0044
0599010000047001,270,-0.0195,0.0162,-0.0357
0599010000047001,90,-0.017,-0.0064,-0.0107
0599010000051681,0,-0.0153,-0.0211,0.0059
0599010000051681,180,0.0005,-0.0193,0.0197
0599010000051681,270,-0.03,-0.0019,-0.0281
0599010000051681,90,-0.0175,-0.0057,-0.0118
0599010000054183,0,-0.0323,-0.0303,-0.002
0599010000054183,180,-0.0106,-0.0166,0.006
0599010000054183,270,-0.0162,-0.0016,-0.0146
0599010000054183,90,-0.0206,0.0002,-0.0209
0599010000054513,0,0.0047,0.0199,-0.0151
0599010000054513,180,-0.0112,0.0092,-0.0204
0599010000054513,270,0.0304,0.0125,0.0179
0599010000054513,90,0.0241,-0.0002,0.0243
0599010000057149,180,-0.0052,-0.015,0.0098
0599010000057149,270,0.0335,0.0237,0.0098
0599010000057149,90,0.0172,0.016,0.0012
0599010000058599,0,-0.029,-0.0029,-0.026
0599010000058599,180,0.0037,0.0082,-0.0044
0599010000058599,270,-0.0195,0.0162,-0.0357
0599010000058599,90,-0.017,-0.0064,-0.0107
0599010000060971,0,-0.0374,-0.0423,0.0048
0599010000060971,180,-0.0134,-0.0133,-0.0001
0599010000060971,270,-0.0157,-0.006,-0.0096
0599010000060971,90,-0.0159,-0.0129,-0.003
0599010000064844,0,-0.0027,-0.0261,0.0234
0599010000064844,180,-0.0035,-0.0086,0.0051
0599010000064844,270,0.023,-0.0236,0.0466
0599010000064844,90,-0.0081,-0.0206,0.0125
0599010000067425,0,-0.0165,-0.0118,-0.0046
0599010000067425,180,-0.0079,-0.0053,-0.0026
0599010000067425,270,-0.0042,-0.0187,0.0145
0599010000067425,90,-0.0003,0.0034,-0.0037
0599010000068836,0,-0.0208,-0.0131,-0.0077
0599010000068836,180,-0.0104,-0.0036,-0.0068
0599010000068836,90,-0.0363,-0.0189,-0.0174
0599010000070148,180,-0.0149,-0.0046,-0.0102
0599010000070148,270,-0.0023,-0.0028,0.0005
0599010000070868,0,-0.0242,-0.0111,-0.0131
0599010000070868,180,-0.0091,-0.0018,-0.0073
0599010000070868,270,-0.0049,-0.0082,0.0032
0599010000070868,90,-0.0532,-0.0347,-0.0185
0599010000072422,0,-0.0237,-0.0398,0.016
0599010000072422,180,-0.0105,-0.0179,0.0075
0599010000072422,270,-0.0161,-0.0011,-0.015
0599010000072422,90,-0.0187,-0.0011,-0.0177
0599010000075944,0,0.01,-0.0162,0.0262
0599010000075944,180,-0.0118,-0.0085,-0.0033
0599010000075944,270,0.0071,-0.0178,0.0249
0599010000075944,90,-0.0046,-0.0224,0.0179
0599010000076120,0,-0.0245,-0.0135,-0.011
0599010000076120,180,-0.032,-0.0205,-0.0115
0599010000076120,270,-0.0281,-0.0218,-0.0063
0599010000076120,90,-0.0161,0.0007,-0.0168
0599010000076681,0,-0.0208,-0.0014,-0.0194
0599010000076681,180,0.0089,0.024,-0.015
0599010000076681,270,-0.0162,-0.0014,-0.0147
0599010000076681,90,0.0001,0.0269,-0.0268
0599010000080737,0,-0.0071,0.0031,-0.0102
0599010000080737,180,-0.0135,-0.0032,-0.0103
0599010000080737,270,0.0021,0.0063,-0.0042
0599010000080737,90,0.0042,0.0048,-0.0005
0599010000081319,0,-0.0487,-0.0724,0.0237
0599010000081319,180,-0.0487,-0.0724,0.0237
0599010000081319,270,-0.0487,-0.0724,0.0237
0599010000081319,90,-0.0487,-0.0724,0.0237
0599010000085243,270,0.0123,0.0005,0.0117
0599010000085243,90,0.0063,-0.0307,0.037
0599010000088915,0,-0.0217,-0.05,0.0283
0599010000088915,180,-0.0157,-0.0548,0.0391
0599010000088915,270,-0.0404,-0.0645,0.0241
0599010000088915,90,-0.026,-0.0578,0.0318
0599010000089859,0,-0.0332,-0.0169,-0.0164
0599010000089859,180,-0.0456,-0.0304,-0.0152
0599010000089859,270,-0.0132,-0.0111,-0.0021
0599010000089859,90,0.0045,-0.0017,0.0062
0599010000090827,0,-0.029,-0.0029,-0.026
0599010000090827,180,0.0037,0.0082,-0.0044
0599010000090827,270,-0.0195,0.0162,-0.0357
0599010000090827,90,-0.017,-0.0064,-0.0107
0599010000091769,0,-0.0135,-0.0162,0.0027
0599010000091769,180,-0.0282,-0.0139,-0.0142
0599010000091769,270,-0.0049,-0.0115,0.0065
0599010000091769,90,-0.0159,-0.0172,0.0014
0599010000091908,0,-0.0085,0.0178,-0.0263
0599010000091908,180,-0.0321,-0.0618,0.0297
0599010000091908,270,0.0123,0.0005,0.0117
0599010000091908,90,0.0063,-0.0307,0.037
0599010000092285,0,-0.0049,-0.0073,0.0024
0599010000092285,270,-0.0307,-0.0119,-0.0188
0599010000092285,90,-0.0197,0.0098,-0.0295
0599010000093746,0,-0.0245,-0.0135,-0.011
0599010000093746,180,-0.032,-0.0205,-0.0115
0599010000093746,270,-0.0281,-0.0218,-0.0063
0599010000093746,90,-0.0161,0.0007,-0.0168
0599010000093876,0,-0.0049,-0.0073,0.0024
0599010000093876,180,-0.0005,0.0181,-0.0187
0599010000093876,270,-0.0307,-0.0119,-0.0188
0599010000093876,90,-0.0197,0.0098,-0.0295
0599010000094124,180,0.0047,-0.0159,0.0205
0599010000094124,90,0.0037,-0.0176,0.0212
0599010000094156,0,-0.0049,-0.0073,0.0024
0599010000094156,180,-0.0005,0.0181,-0.0187
0599010000094156,270,-0.0307,-0.0119,-0.0188
0599010000094156,90,-0.0197,0.0098,-0.0295
0599010000094933,0,-0.0049,-0.0073,0.0024
0599010000094933,180,-0.0005,0.0181,-0.0187
0599010000094933,270,-0.0307,-0.0119,-0.0188
0599010000094933,90,-0.0197,0.0098,-0.0295
0599010000094934,0,-0.0049,-0.0073,0.0024
0599010000094934,180,-0.0005,0.0181,-0.0187
0599010000094934,270,-0.0307,-0.0119,-0.0188
0599010000094934,90,-0.0197,0.0098,-0.0295
0599010000094936,0,-0.0049,-0.0073,0.0024
0599010000094936,180,-0.0005,0.0181,-0.0187
0599010000094936,270,-0.0307,-0.0119,-0.0188
0599010000094936,90,-0.0197,0.0098,-0.0295
0599010000096366,0,-0.0049,-0.0073,0.0024
0599010000096366,180,-0.0005,0.0181,-0.0187
0599010000096366,270,-0.0307,-0.0119,-0.0188
0599010000096366,90,-0.0197,0.0098,-0.0295
0599010000096963,0,-0.0049,-0.0073,0.0024
0599010000096963,180,-0.0005,0.0181,-0.0187
0599010000096963,270,-0.0307,-0.0119,-0.0188
0599010000096963,90,-0.0197,0.0098,-0.0295
0599010000097416,0,-0.0237,-0.0398,0.016
0599010000097416,180,-0.0105,-0.0179,0.0075
0599010000097416,90,-0.0187,-0.0011,-0.0177
0599010000099078,0,-0.0242,-0.0111,-0.0131
0599010000099078,180,-0.0091,-0.0018,-0.0073
0599010000099078,270,-0.0049,-0.0082,0.0032
0599010000099078,90,-0.0532,-0.0347,-0.0185
0599010000101045,0,0.0087,-0.0013,0.0101
0599010000101045,180,-0.0031,-0.0132,0.0101
0599010000101045,270,-0.0199,0.0048,-0.0247
0599010000101045,90,-0.0076,-0.0041,-0.0035
0599010000101744,0,-0.019,-0.0115,-0.0075
0599010000101744,180,0.0056,-0.0114,0.0171
0599010000101744,270,0.0075,0.0123,-0.0048
0599010000101744,90,-0.0666,-0.0484,-0.0182
0599010000103198,0,-0.0049,-0.0073,0.0024
0599010000103198,180,-0.0005,0.0181,-0.0187
0599010000103198,270,-0.0307,-0.0119,-0.0188
0599010000103198,90,-0.0197,0.0098,-0.0295
0599010000103921,0,-0.0049,-0.0073,0.0024
0599010000103921,180,-0.0005,0.0181,-0.0187
0599010000103921,270,-0.0307,-0.0119,-0.0188
0599010000103921,90,-0.0197,0.0098,-0.0295
0599010000103923,0,-0.0049,-0.0073,0.0024
0599010000103923,180,-0.0005,0.0181,-0.0187
0599010000103923,270,-0.0307,-0.0119,-0.0188
0599010000103923,90,-0.0197,0.0098,-0.0295
0599010000107565,0,-0.0049,-0.0073,0.0024
0599010000107565,180,-0.0005,0.0181,-0.0187
0599010000107565,270,-0.0307,-0.0119,-0.0188
0599010000107565,90,-0.0197,0.0098,-0.0295
0599010000108558,0,0.0087,-0.0013,0.0101
0599010000108558,180,-0.0031,-0.0132,0.0101
0599010000108558,270,-0.0199,0.0048,-0.0247
0599010000108558,90,-0.0076,-0.0041,-0.0035
0599010000110197,0,-0.0049,-0.0073,0.0024
0599010000110197,180,-0.0005,0.0181,-0.0187
0599010000110197,270,-0.0307,-0.0119,-0.0188
0599010000110197,90,-0.0197,0.0098,-0.0295
0599010000110611,0,-0.0085,0.0178,-0.0263
0599010000110611,180,-0.0321,-0.0618,0.0297
0599010000110611,270,0.0123,0.0005,0.0117
0599010000110611,90,0.0063,-0.0307,0.037
0599010000112114,0,-0.029,-0.0029,-0.026
0599010000112114,180,0.0037,0.0082,-0.0044
0599010000112114,270,-0.0195,0.0162,-0.0357
0599010000112114,90,-0.017,-0.0064,-0.0107
0599010000121814,0,-0.0049,-0.0073,0.0024
0599010000121814,180,-0.0005,0.0181,-0.0187
0599010000121814,270,-0.0307,-0.0119,-0.0188
0599010000121814,90,-0.0197,0.0098,-0.0295
0599010000123666,0,-0.029,-0.0029,-0.026
0599010000123666,180,0.0037,0.0082,-0.0044
0599010000123666,270,-0.0195,0.0162,-0.0357
0599010000123666,90,-0.017,-0.0064,-0.0107
0599010000124416,0,-0.0237,-0.0398,0.016
0599010000124416,180,-0.0105,-0.0179,0.0075
0599010000124416,270,-0.0161,-0.0011,-0.015
0599010000124416,90,-0.0187,-0.0011,-0.0177
0599010000125537,0,-0.0332,-0.0169,-0.0164
0599010000125537,180,-0.0456,-0.0304,-0.0152
0599010000125537,90,0.0046,-0.0017,0.0063
0599010000128088,0,-0.0245,-0.0135,-0.011
0599010000128088,180,-0.032,-0.0205,-0.0115
0599010000128088,270,-0.0281,-0.0218,-0.0063
0599010000128088,90,-0.0161,0.0007,-0.0168
0599010000129802,0,-0.0182,-0.0071,-0.0111
0599010000129802,180,-0.0054,0.0058,-0.0112
0599010000129802,270,0.0231,0.0192,0.0039
0599010000132297,0,-0.0283,-0.0129,-0.0155
0599010000132297,180,-0.015,-0.0035,-0.0115
0599010000132297,270,0.0192,0.0048,0.0144
0599010000132297,90,0.0095,0.0007,0.0087
0599010000132417,0,-0.0085,0.0178,-0.0263
0599010000132417,180,-0.0321,-0.0618,0.0297
0599010000132417,270,0.0123,0.0005,0.0117
0599010000132417,90,0.0063,-0.0307,0.037
0599010000133202,0,-0.0216,-0.0134,-0.0082
0599010000133202,180,-0.0244,-0.0158,-0.0085
0599010000133202,270,-0.0296,-0.0162,-0.0134
0599010000133202,90,-0.0295,0.004,-0.0335
0599010000137111,0,-0.0186,-0.063,0.0444
0599010000137111,180,-0.031,-0.0551,0.0241
0599010000137111,270,-0.0316,-0.0746,0.043
0599010000137111,90,-0.0391,-0.0817,0.0426
0599010000138844,0,0.0238,-0.0024,0.0262
0599010000138844,180,0.0026,-0.0076,0.0101
0599010000138844,270,0.0025,-0.0123,0.0148
0599010000138844,90,-0.0109,-0.0465,0.0356
0599010000139313,0,-0.0345,-0.0153,-0.0192
0599010000139313,180,-0.0472,-0.028,-0.0192
0599010000139313,270,-0.015,-0.0184,0.0034
0599010000139313,90,-0.0069,-0.0031,-0.0038
0599010000145580,0,-0.0345,-0.0153,-0.0192
0599010000145580,180,-0.0472,-0.028,-0.0192
0599010000145580,270,-0.015,-0.0184,0.0034
0599010000145580,90,-0.0069,-0.0031,-0.0038
0599010000148088,0,-0.0238,-0.0249,0.001
0599010000148088,180,-0.0201,-0.0397,0.0196
0599010000148088,270,-0.0219,-0.0212,-0.0007
0599010000148088,90,-0.0194,-0.0152,-0.0043
0599010000153542,0,-0.019,-0.0115,-0.0075
0599010000153542,180,0.0056,-0.0114,0.0171
0599010000153542,270,0.0075,0.0123,-0.0048
0599010000153542,90,-0.0666,-0.0484,-0.0182
0599010000154199,0,0.0016,-0.0047,0.0063
0599010000154199,180,-0.0063,-0.0182,0.0119
0599010000154199,270,0.0226,-0.0119,0.0345
0599010000154199,90,0.0227,-0.0016,0.0243
0599010000157281,0,-0.0014,0.0046,-0.006
0599010000157281,180,-0.0287,-0.0017,-0.027
0599010000157281,270,-0.0085,-0.0273,0.0188
0599010000157281,90,-0.0024,-0.0114,0.0091
0599010000158427,0,-0.0068,0.02,-0.0268
0599010000158427,180,-0.0149,-0.0046,-0.0102
0599010000158427,270,-0.0023,-0.0028,0.0005
0599010000158427,90,0.0152,0.0087,0.0065
0599010000159557,0,-0.0487,-0.0724,0.0237
0599010000159557,180,-0.0487,-0.0724,0.0237
0599010000159557,270,-0.0487,-0.0724,0.0237
0599010000159557,90,-0.0487,-0.0724,0.0237
0599010000162857,0,-0.0345,-0.0152,-0.0192
0599010000162857,180,-0.0472,-0.028,-0.0192
0599010000162857,270,-0.015,-0.0184,0.0034
0599010000162857,90,-0.0069,-0.0031,-0.0038
0599010000164173,0,0.0087,-0.0013,0.0101
0599010000164173,180,-0.0029,-0.0131,0.0102
0599010000164173,270,-0.0199,0.0048,-0.0247
0599010000164173,90,-0.0076,-0.0041,-0.0035
0599010000165188,0,-0.0049,-0.0073,0.0024
0599010000165188,180,-0.0005,0.0181,-0.0187
0599010000165188,270,-0.0307,-0.0119,-0.0188
0599010000165188,90,-0.0197,0.0098,-0.0295
0599010000165624,0,-0.0049,-0.0073,0.0024
0599010000165624,180,-0.0005,0.0181,-0.0187
0599010000165624,270,-0.0307,-0.0119,-0.0188
0599010000165624,90,-0.0197,0.0098,-0.0295
0599010000165687,0,-0.0809,-0.0833,0.0025
0599010000165687,180,-0.0546,-0.0715,0.017
0599010000165687,270,-0.0412,-0.0561,0.015
0599010000165687,90,-0.0565,-0.0895,0.033
0599010000167045,0,-0.0245,-0.0135,-0.011
0599010000167045,180,-0.032,-0.0205,-0.0115
0599010000167045,270,-0.0281,-0.0218,-0.0063
0599010000167045,90,-0.0161,0.0007,-0.0168
0599010000167826,270,-0.0161,-0.0015,-0.0146
0599010000167826,90,-0.0206,0.0002,-0.0209
0599010000170199,180,-0.0369,0.0062,-0.0431
0599010000170199,270,-0.0418,-0.0277,-0.0142
0599010000170199,90,-0.0078,0.0214,-0.0291
0599010000179516,270,-0.0057,-0.0235,0.0177
0599010000179516,90,0.009,-0.0162,0.0252
0599010000179537,0,-0.0771,-0.0751,-0.002
0599010000179537,180,-0.0082,-0.0163,0.0081
0599010000179537,270,-0.0205,-0.0303,0.0098
0599010000179537,90,-0.0408,-0.0221,-0.0187
0599010000184036,0,-0.0005,0.0196,-0.0201
0599010000184036,180,-0.0052,-0.015,0.0098
0599010000184036,270,0.0335,0.0237,0.0098
0599010000184036,90,0.0172,0.016,0.0012
0599010000185311,0,-0.0208,-0.0131,-0.0077
0599010000185311,180,-0.0104,-0.0036,-0.0068
0599010000185311,270,-0.0142,-0.0141,-0.0001
0599010000185311,90,-0.0363,-0.0189,-0.0174
0599010000185995,0,-0.0771,-0.0751,-0.002
0599010000185995,180,-0.0082,-0.0163,0.0081
0599010000185995,270,-0.0205,-0.0303,0.0098
0599010000185995,90,-0.0408,-0.0221,-0.0187
0599010000186561,0,-0.0294,-0.0023,-0.0271
0599010000186561,180,-0.0319,-0.0065,-0.0254
0599010000186561,270,-0.0109,-0.0183,0.0074
0599010000186561,90,-0.0059,-0.0243,0.0184
0599010000188283,0,-0.0345,-0.0153,-0.0192
0599010000188283,180,-0.0472,-0.028,-0.0192
0599010000188283,270,-0.015,-0.0184,0.0034
0599010000188283,90,-0.0069,-0.0031,-0.0038
0599010000188286,0,-0.0245,-0.0135,-0.011
0599010000188286,180,-0.032,-0.0205,-0.0115
0599010000188286,270,-0.0281,-0.0218,-0.0063
0599010000188831,0,-0.0121,0.0203,-0.0324
0599010000188831,180,0.0067,0.0546,-0.0479
0599010000188831,270,0.0308,0.0377,-0.0069
0599010000188831,90,-0.0317,0.004,-0.0358
0599010000192696,180,-0.0112,0.0092,-0.0204
0599010000192696,270,0.0304,0.0125,0.0179
0599010000192696,90,0.0241,-0.0002,0.0243
0599010000193972,0,-0.019,-0.0115,-0.0075
0599010000193972,180,0.0056,-0.0114,0.0171
0599010000193972,270,0.0075,0.0123,-0.0048
0599010000193972,90,-0.0666,-0.0484,-0.0182
0599010000195229,270,0.0335,0.0237,0.0098
0599010000195229,90,0.0172,0.016,0.0012
0599010000195930,0,-0.019,-0.0115,-0.0075
0599010000195930,180,0.0056,-0.0114,0.0171
0599010000195930,270,0.0075,0.0123,-0.0048
0599010000195930,90,-0.0666,-0.0484,-0.0182
0599010000196964,0,-0.0121,0.0203,-0.0324
0599010000196964,180,0.0067,0.0546,-0.0479
0599010000196964,270,0.0308,0.0377,-0.0069
0599010000196964,90,-0.0317,0.004,-0.0358
0599010000199270,0,-0.0068,0.02,-0.0268
0599010000199270,180,-0.0149,-0.0046,-0.0102
0599010000199270,270,-0.0023,-0.0028,0.0005
0599010000199270,90,0.0152,0.0087,0.0065
0599010000204139,0,-0.0324,-0.0307,-0.0018
0599010000204139,180,-0.0106,-0.0166,0.006
0599010000204139,270,-0.0162,-0.0016,-0.0146
0599010000204139,90,-0.0206,0.0002,-0.0209
0599010000205271,0,-0.0046,-0.0125,0.0079
0599010000205271,180,-0.0136,-0.0099,-0.0037
0599010000205271,270,-0.008,-0.0363,0.0282
0599010000205271,90,-0.0118,-0.0325,0.0207
0599010000205381,0,0.0041,0.013,-0.0089
0599010000205381,180,-0.0257,0.0033,-0.029
0599010000205381,270,0.0128,-0.004,0.0168
0599010000205381,90,0.0251,0.0293,-0.0041
0599010000206819,0,-0.029,-0.0029,-0.026
0599010000206819,180,0.0037,0.0082,-0.0044
0599010000206819,270,-0.0195,0.0162,-0.0357
0599010000206819,90,-0.017,-0.0064,-0.0107
0599010000207183,0,-0.0332,-0.0169,-0.0164
0599010000207183,270,-0.0132,-0.0111,-0.0021
0599010000207183,90,0.0046,-0.0017,0.0063
0599010000212093,0,-0.0487,-0.0724,0.0237
0599010000212093,180,-0.0487,-0.0724,0.0237
0599010000212093,270,-0.0487,-0.0724,0.0237
0599010000212093,90,-0.0487,-0.0724,0.0237
0599010000215444,0,-0.0049,-0.0073,0.0024
0599010000215444,180,-0.0005,0.0181,-0.0187
0599010000215444,270,-0.0307,-0.0119,-0.0188
0599010000215444,90,-0.0197,0.0098,-0.0295
0599010000219127,0,-0.0242,-0.0111,-0.0131
0599010000219127,180,-0.0091,-0.0018,-0.0073
0599010000219127,270,-0.0049,-0.0082,0.0032
0599010000219127,90,-0.0532,-0.0347,-0.0185
0599010000219261,0,-0.0217,-0.0134,-0.0082
0599010000219261,180,-0.0244,-0.0158,-0.0085
0599010000219261,270,-0.0296,-0.0162,-0.0134
0599010000219261,90,-0.0295,0.004,-0.0335
0599010000219810,180,0.018,0.0427,-0.0247
0599010000219810,270,0.0247,0.0021,0.0226
0599010000219810,90,-0.0234,0.0126,-0.036
0599010000222291,0,-0.0242,-0.0111,-0.0131
0599010000222291,180,-0.0091,-0.0018,-0.0073
0599010000222291,270,-0.0049,-0.0082,0.0032
0599010000222291,90,-0.0532,-0.0347,-0.0185
0599010000222482,0,-0.029,-0.0029,-0.026
0599010000222482,180,0.0037,0.0082,-0.0044
0599010000222482,270,-0.0195,0.0162,-0.0357
0599010000222482,90,-0.017,-0.0064,-0.0107
0599010000224141,0,-0.0071,0.0031,-0.0102
0599010000224141,180,-0.0135,-0.0033,-0.0103
0599010000224141,270,0.0021,0.0063,-0.0042
0599010000224141,90,0.0043,0.0048,-0.0005
0599010000224709,0,-0.0043,0.0037,-0.008
0599010000224709,180,-0.0036,-0.0143,0.0108
0599010000224709,270,-0.0067,-0.0184,0.0117
0599010000224709,90,0.0114,-0.0151,0.0265
0599010000225547,0,0.0099,0.0037,0.0062
0599010000225547,180,0.0024,0.0106,-0.0083
0599010000225547,270,-0.0033,0.0031,-0.0064
0599010000225547,90,-0.0138,0.0003,-0.0142
0599010000225548,0,0.0099,0.0036,0.0062
0599010000225548,270,-0.0033,0.0031,-0.0064
0599010000225548,90,-0.0138,0.0003,-0.0142
0599010000225549,0,0.0047,-0.007,0.0117
0599010000225549,180,-0.0048,-0.0108,0.0061
0599010000225549,270,0.0149,0.02,-0.0051
0599010000225549,90,-0.0039,0.0015,-0.0054
0599010000225550,0,0.0047,-0.007,0.0117
0599010000225550,180,-0.0048,-0.0108,0.006
0599010000225550,270,0.0149,0.0199,-0.005
0599010000225550,90,-0.0039,0.0015,-0.0054
0599010000225551,0,0.0047,-0.007,0.0117
0599010000225551,180,-0.0048,-0.0108,0.006
0599010000225551,270,0.0149,0.02,-0.0051
0599010000225551,90,-0.0039,0.0015,-0.0054
0599010000225552,0,0.0047,-0.007,0.0117
0599010000225552,180,-0.0048,-0.0108,0.0061
0599010000225552,270,0.0149,0.02,-0.0051
0599010000225552,90,-0.0039,0.0015,-0.0054
0599010000225553,0,0.0099,0.0037,0.0062
0599010000225553,180,0.0024,0.0106,-0.0083
0599010000225553,270,-0.0033,0.0031,-0.0064
0599010000225553,90,-0.0138,0.0004,-0.0142
0599010000225554,0,0.0047,-0.007,0.0117
0599010000225554,180,-0.0048,-0.0108,0.006
0599010000225554,270,0.0149,0.02,-0.0051
0599010000225554,90,-0.0039,0.0015,-0.0054
0599010000225555,0,0.0047,-0.007,0.0117
0599010000225555,180,-0.0048,-0.0108,0.0061
0599010000225555,270,0.0149,0.02,-0.0051
0599010000225555,90,-0.0039,0.0015,-0.0054
0599010000225556,0,0.0047,-0.007,0.0117
0599010000225556,180,-0.0048,-0.0108,0.0061
0599010000225556,90,-0.0039,0.0015,-0.0054
0599010000225557,0,0.0047,-0.007,0.0117
0599010000225557,180,-0.0048,-0.0108,0.0061
0599010000225557,270,0.0149,0.0199,-0.005
0599010000225557,90,-0.0039,0.0015,-0.0054
0599010000225558,0,0.0096,0.0054,0.0042
0599010000225558,180,0.0143,-0.0038,0.0181
0599010000225558,270,-0.0014,0.0118,-0.0132
0599010000225558,90,-0.0196,-0.0178,-0.0018
0599010000225559,0,0.0096,0.0054,0.0042
0599010000225559,180,0.0143,-0.0038,0.0181
0599010000225559,270,-0.0014,0.0118,-0.0132
0599010000225559,90,-0.0195,-0.0176,-0.0018
0599010000225560,0,0.0047,-0.007,0.0117
0599010000225560,180,-0.0048,-0.0108,0.0061
0599010000225560,270,0.0149,0.02,-0.0051
0599010000225560,90,-0.0039,0.0015,-0.0054
0599010000227373,0,-0.0186,-0.063,0.0444
0599010000227373,180,-0.031,-0.0551,0.0241
0599010000227373,270,-0.0316,-0.0746,0.043
0599010000227373,90,-0.0391,-0.0817,0.0426
0599010000227376,0,-0.0487,-0.0724,0.0237
0599010000227376,180,-0.0487,-0.0724,0.0237
0599010000227376,270,-0.0487,-0.0724,0.0237
0599010000227376,90,-0.0487,-0.0724,0.0237
0599010000232477,0,-0.0186,-0.063,0.0444
0599010000232477,180,-0.031,-0.0551,0.0241
0599010000232477,270,-0.0316,-0.0746,0.043
0599010000232477,90,-0.0391,-0.0817,0.0426
0599010000234501,0,-0.0208,-0.0131,-0.0077
0599010000234501,180,-0.0104,-0.0036,-0.0068
0599010000234501,270,-0.0142,-0.0141,-0.0001
0599010000234501,90,-0.0363,-0.0189,-0.0174
0599010000234502,0,-0.0208,-0.0131,-0.0077
0599010000234502,180,-0.0104,-0.0036,-0.0068
0599010000234502,270,-0.0142,-0.0141,-0.0001
0599010000234502,90,-0.0363,-0.0189,-0.0174
0599010000238036,0,-0.029,-0.0029,-0.026
0599010000238036,180,0.0037,0.0082,-0.0044
0599010000238036,270,-0.0195,0.0162,-0.0357
0599010000238036,90,-0.017,-0.0064,-0.0107
0599010000239148,0,-0.0068,0.02,-0.0268
0599010000239148,180,-0.0149,-0.0046,-0.0102
0599010000239148,270,-0.0023,-0.0028,0.0005
0599010000239148,90,0.0152,0.0087,0.0065
0599010000241241,0,-0.0125,0.0114,-0.0239
0599010000241241,180,0.0131,0.0012,0.0119
0599010000241241,90,0.0197,0.005,0.0147
0599010000241669,0,0.0041,0.013,-0.0089
0599010000241669,180,-0.0257,0.0033,-0.029
0599010000241669,270,0.0128,-0.004,0.0168
0599010000241669,90,0.0251,0.0293,-0.0041
0599010000243205,0,-0.0085,-0.0283,0.0198
0599010000243205,180,-0.0011,-0.0242,0.0231
0599010000243205,270,-0.0213,-0.0151,-0.0061
0599010000243205,90,-0.0343,-0.0093,-0.025
0599010000246858,0,0.0083,-0.011,0.0193
0599010000246858,180,0.0033,-0.0059,0.0092
0599010000246858,270,0.0152,-0.0144,0.0296
0599010000246858,90,-0.0036,-0.0213,0.0177
0599010000246878,180,-0.0016,-0.0137,0.012
0599010000246878,90,-0.0084,-0.0221,0.0137
0599010000247912,0,-0.012,-0.0015,-0.0105
0599010000247912,180,-0.0133,-0.0071,-0.0062
0599010000247912,270,-0.0191,-0.0064,-0.0126
0599010000247912,90,0.0044,0.0274,-0.023
0599010000247913,0,-0.012,-0.0015,-0.0105
0599010000247913,180,-0.0133,-0.0071,-0.0062
0599010000247913,270,-0.0191,-0.0064,-0.0126
0599010000247913,90,0.0044,0.0274,-0.023
0599010000247914,0,-0.012,-0.0015,-0.0105
0599010000247914,180,-0.0133,-0.0071,-0.0062
0599010000247914,270,-0.0191,-0.0064,-0.0126
0599010000247914,90,0.0044,0.0274,-0.023
0599010000247915,0,-0.012,-0.0015,-0.0105
0599010000247915,180,-0.0133,-0.0071,-0.0062
0599010000247915,270,-0.0191,-0.0065,-0.0126
0599010000247915,90,0.0044,0.0274,-0.023
0599010000247916,0,-0.012,-0.0015,-0.0105
0599010000247916,180,-0.0133,-0.0071,-0.0062
0599010000247916,270,-0.0191,-0.0065,-0.0126
0599010000247916,90,0.0044,0.0274,-0.023
0599010000247917,0,-0.012,-0.0015,-0.0105
0599010000247917,180,-0.0133,-0.0071,-0.0062
0599010000247917,270,-0.0191,-0.0064,-0.0126
0599010000247917,90,0.0044,0.0274,-0.023
0599010000250669,0,-0.0146,0.0228,-0.0374
0599010000250669,180,0.0267,0.0158,0.0109
0599010000250669,270,-0.0052,0.007,-0.0121
0599010000250670,0,-0.0146,0.0228,-0.0374
0599010000250670,180,0.0267,0.0158,0.0109
0599010000250670,270,-0.0052,0.007,-0.0121
0599010000250670,90,-0.0092,-0.0002,-0.009
0599010000250671,0,-0.0146,0.0228,-0.0374
0599010000250671,180,0.0267,0.0158,0.0109
0599010000250671,270,-0.0052,0.007,-0.0121
0599010000250671,90,-0.0092,-0.0002,-0.009
0599010000250672,180,0.0267,0.0158,0.0109
0599010000250672,270,-0.0052,0.007,-0.0121
0599010000250672,90,-0.0092,-0.0002,-0.009
0599010000250673,0,-0.0146,0.0228,-0.0374
0599010000250673,180,0.0267,0.0158,0.0109
0599010000250673,270,-0.0052,0.007,-0.0121
0599010000250673,90,-0.0092,-0.0002,-0.009
0599010000250674,0,-0.0146,0.0228,-0.0374
0599010000250674,180,0.0267,0.0158,0.0109
0599010000250674,270,-0.0052,0.007,-0.0121
0599010000250674,90,-0.0092,-0.0002,-0.009
0599010000250675,0,-0.0115,0.0003,-0.0118
0599010000250675,180,-0.0139,-0.0169,0.003
0599010000250675,270,-0.0028,0.0043,-0.007
0599010000250675,90,-0.0161,0.0085,-0.0246
0599010000250676,0,-0.0115,0.0003,-0.0118
0599010000250676,180,-0.0139,-0.0169,0.003
0599010000250676,270,-0.0028,0.0043,-0.007
0599010000250676,90,-0.0161,0.0085,-0.0246
0599010000250677,0,-0.0115,0.0003,-0.0118
0599010000250677,180,-0.0139,-0.0169,0.003
0599010000250677,270,-0.0028,0.0043,-0.007
0599010000250677,90,-0.0161,0.0085,-0.0246
0599010000250678,0,-0.0115,0.0003,-0.0118
0599010000250678,180,-0.0139,-0.0169,0.003
0599010000250678,270,-0.0028,0.0043,-0.007
0599010000250678,90,-0.0161,0.0085,-0.0246
0599010000250679,0,-0.0115,0.0003,-0.0118
0599010000250679,180,-0.0139,-0.0169,0.003
0599010000250679,270,-0.0028,0.0043,-0.007
0599010000250680,0,-0.0115,0.0003,-0.0118
0599010000250680,180,-0.0139,-0.0169,0.003
0599010000250680,270,-0.0028,0.0043,-0.007
0599010000250680,90,-0.0161,0.0085,-0.0246
0599010000250681,0,-0.0115,0.0003,-0.0118
0599010000250681,180,-0.0139,-0.0169,0.003
0599010000250681,270,-0.0028,0.0043,-0.007
0599010000250681,90,-0.0161,0.0085,-0.0246
0599010000250682,180,-0.0164,-0.0166,0.0002
0599010000250682,270,-0.0013,0.0096,-0.0109
0599010000250682,90,-0.0024,0.0263,-0.0287
0599010000252116,0,0.0106,0.0016,0.0091
0599010000252116,180,-0.0033,-0.0048,0.0015
0599010000252116,90,-0.0157,-0.0196,0.0039
0599010000254755,0,-0.0294,-0.0023,-0.0271
0599010000254755,180,-0.0319,-0.0065,-0.0254
0599010000254755,270,-0.0109,-0.0183,0.0074
0599010000254755,90,-0.0059,-0.0243,0.0184
0599010000254756,0,-0.0294,-0.0023,-0.0271
0599010000254756,180,-0.0319,-0.0065,-0.0254
0599010000254756,270,-0.0109,-0.0183,0.0074
0599010000254756,90,-0.0059,-0.0243,0.0184
0599010000254879,0,-0.0222,-0.0159,-0.0063
0599010000254879,180,-0.0541,-0.0492,-0.0049
0599010000254879,270,-0.0315,-0.0613,0.0298
0599010000254879,90,-0.0546,-0.0707,0.016
0599010000254941,0,0.0038,0.0245,-0.0207
0599010000254941,180,-0.0118,0.027,-0.0388
0599010000254941,270,-0.0199,0.0029,-0.0228
0599010000254941,90,-0.0068,0.0178,-0.0246
0599010000254942,0,-0.0191,0.0097,-0.0287
0599010000254942,180,-0.0146,0.0249,-0.0395
0599010000254942,270,-0.0161,-0.0087,-0.0074
0599010000254942,90,-0.0018,0.0203,-0.0221
0599010000255161,0,-0.008,-0.0261,0.0181
0599010000255161,180,-0.0087,-0.0152,0.0065
0599010000255161,270,0.0048,-0.0036,0.0084
0599010000255161,90,-0.0466,-0.0163,-0.0303
0599010000255200,270,-0.0198,-0.0065,-0.0133
0599010000255200,90,0.0068,0.005,0.0019
0599010000269585,0,-0.029,-0.0029,-0.026
0599010000269585,180,0.0037,0.0082,-0.0044
0599010000269585,270,-0.0195,0.0162,-0.0357
0599010000269585,90,-0.017,-0.0064,-0.0107
0599010000270594,0,0.0023,-0.0308,0.0332
0599010000270594,180,0.0047,-0.0159,0.0205
0599010000270594,270,0.0515,0.0356,0.0159
0599010000270594,90,0.0037,-0.0176,0.0212
0599010000270598,0,-0.0046,-0.0125,0.0079
0599010000270598,180,-0.0136,-0.0099,-0.0037
0599010000270598,270,-0.008,-0.0363,0.0282
0599010000271343,0,0.0087,-0.0013,0.0101
0599010000271343,180,-0.0031,-0.0132,0.0101
0599010000271343,270,-0.0199,0.0048,-0.0247
0599010000271343,90,-0.0076,-0.0041,-0.0035
0599010000271753,0,0.0171,0.0093,0.0078
0599010000271753,180,0.0519,0.0011,0.0508
0599010000271753,270,-0.0079,-0.0111,0.0032
0599010000271753,90,-0.0097,-0.007,-0.0028
0599010000272666,0,-0.0217,-0.0134,-0.0082
0599010000272666,180,-0.0244,-0.0158,-0.0085
0599010000272666,270,-0.0296,-0.0162,-0.0134
0599010000272666,90,-0.0295,0.004,-0.0335
0599010000274028,0,0.01,-0.0162,0.0262
0599010000274028,180,-0.0118,-0.0085,-0.0033
0599010000274028,270,0.0071,-0.0178,0.0249
0599010000274028,90,-0.0046,-0.0224,0.0179
0599010000275682,0,-0.0049,-0.0073,0.0024
0599010000275682,180,-0.0005,0.0181,-0.0187
0599010000275682,270,-0.0307,-0.0119,-0.0188
0599010000275682,90,-0.0197,0.0098,-0.0295
0599010000276052,0,-0.0182,-0.0071,-0.0111
0599010000276052,180,-0.0054,0.0058,-0.0112
0599010000276052,270,0.0231,0.0192,0.0039
0599010000276052,90,0.0038,-0.0067,0.0106
0599010000277232,0,-0.0628,-0.0606,-0.0021
0599010000277232,180,-0.019,-0.0534,0.0344
0599010000277232,270,-0.0347,-0.0619,0.0273
0599010000277232,90,-0.0283,-0.0499,0.0216
0599010000279137,0,-0.0239,-0.0398,0.0159
0599010000279137,180,-0.0105,-0.0179,0.0075
0599010000279137,270,-0.0161,-0.0011,-0.015
0599010000279137,90,-0.0187,-0.001,-0.0177
0599010000280553,180,-0.0319,-0.0356,0.0038
0599010000280553,90,-0.0266,-0.023,-0.0036
0599010000281771,0,-0.0324,-0.0307,-0.0018
0599010000281771,180,-0.0105,-0.0166,0.006
0599010000281771,270,-0.0162,-0.0016,-0.0146
0599010000281771,90,-0.0206,0.0002,-0.0208
0599010000283230,0,-0.0304,-0.0086,-0.0218
0599010000283230,180,-0.0092,-0.017,0.0079
0599010000283230,270,0.0092,-0.0106,0.0198
0599010000283230,90,-0.0126,-0.0401,0.0274
0599010000284294,0,-0.0239,-0.0398,0.0159
0599010000284294,180,-0.0105,-0.018,0.0075
0599010000284294,270,-0.016,-0.001,-0.0151
0599010000284294,90,-0.0187,-0.0011,-0.0177
0599010000284295,0,-0.0237,-0.0398,0.016
0599010000284295,270,-0.016,-0.001,-0.0151
0599010000284295,90,-0.0187,-0.001,-0.0177
0599010000284619,0,0.0041,0.013,-0.0089
0599010000284619,180,-0.0257,0.0033,-0.029
0599010000284619,270,0.0128,-0.004,0.0168
0599010000284619,90,0.0251,0.0293,-0.0041
0599010000284620,0,-0.0005,0.0196,-0.0201
0599010000284620,180,-0.0052,-0.015,0.0098
0599010000284620,270,0.0335,0.0237,0.0098
0599010000284620,90,0.0172,0.016,0.0012
0599010000285888,0,-0.0208,-0.0131,-0.0077
0599010000285888,180,-0.0104,-0.0036,-0.0068
0599010000285888,270,-0.0142,-0.0141,-0.0001
0599010000285888,90,-0.0363,-0.0189,-0.0174
0599010000286070,0,-0.029,-0.0029,-0.026
0599010000286070,180,0.0037,0.0082,-0.0044
0599010000286070,270,-0.0195,0.0162,-0.0357
0599010000286070,90,-0.017,-0.0064,-0.0107
0599010000288481,0,-0.0242,-0.0111,-0.0131
0599010000288481,180,-0.0091,-0.0018,-0.0073
0599010000288481,270,-0.0049,-0.0082,0.0032
0599010000288481,90,-0.0532,-0.0347,-0.0185
0599010000289302,0,0.0016,-0.0047,0.0063
0599010000289302,180,-0.0063,-0.0181,0.0119
0599010000289302,270,0.0226,-0.0119,0.0345
0599010000289302,90,0.0227,-0.0016,0.0243
0599010000289609,0,-0.011,-0.0133,0.0023
0599010000289609,180,0.0086,0.0087,-0.0001
0599010000289609,270,-0.0098,-0.0354,0.0256
0599010000289609,90,-0.0013,-0.019,0.0177
0599010000293138,0,-0.0215,-0.0238,0.0023
0599010000293138,180,-0.0255,-0.0228,-0.0028
0599010000293138,270,0.0353,-0.0309,0.0662
0599010000293138,90,-0.0255,-0.0504,0.025
0599010000293730,0,-0.029,-0.0029,-0.026
0599010000293730,180,0.0037,0.0082,-0.0044
0599010000293730,270,-0.0195,0.0162,-0.0357
0599010000293730,90,-0.017,-0.0064,-0.0107
0599010000293732,0,-0.029,-0.0029,-0.026
0599010000293732,180,0.0037,0.0082,-0.0044
0599010000293732,270,-0.0195,0.0162,-0.0357
0599010000293732,90,-0.017,-0.0064,-0.0107
0599010000294160,0,-0.001,0.0001,-0.0011
0599010000294160,180,0.0067,0.0185,-0.0118
0599010000294160,270,-0.0085,0.0015,-0.01
0599010000294160,90,-0.0118,-0.0121,0.0003
0599010000294208,0,-0.0256,-0.0106,-0.0149
0599010000294208,180,0.0096,0.0314,-0.0218
0599010000294208,90,0.014,0.0102,0.0038
0599010000294214,0,-0.0256,-0.0106,-0.0149
0599010000294214,180,0.0096,0.0314,-0.0218
0599010000294214,270,-0.0107,0.0011,-0.0118
0599010000294214,90,0.014,0.0102,0.0038
0599010000294217,0,-0.001,0.0001,-0.0011
0599010000294217,180,0.0067,0.0185,-0.0118
0599010000294217,270,-0.0085,0.0015,-0.01
0599010000294217,90,-0.0118,-0.0121,0.0003
0599010000294220,0,-0.022,-0.013,-0.009
0599010000294220,180,0.0085,0.0221,-0.0136
0599010000294220,270,0.0205,0.0371,-0.0167
0599010000294220,90,-0.006,0.0003,-0.0063
0599010000294221,0,-0.022,-0.013,-0.009
0599010000294221,180,0.0085,0.0221,-0.0136
0599010000294221,270,0.0205,0.0371,-0.0167
0599010000294221,90,-0.0061,0.0002,-0.0063
0599010000294685,0,-0.0452,0.0039,-0.0491
0599010000294685,180,-0.0411,-0.0111,-0.03
0599010000294685,270,-0.0303,-0.0207,-0.0096
0599010000294685,90,-0.0168,-0.018,0.0011
0599010000297668,0,-0.0294,-0.0023,-0.0271
0599010000297668,180,-0.0319,-0.0065,-0.0254
0599010000297668,270,-0.0109,-0.0183,0.0074
0599010000297668,90,-0.0059,-0.0243,0.0184
0599010000298752,0,-0.0125,0.0114,-0.0239
0599010000298752,180,0.0129,0.0012,0.0118
0599010000298752,270,0.0093,-0.0094,0.0187
0599010000298752,90,0.0197,0.005,0.0147
0599010000300132,0,-0.0014,0.0046,-0.006
0599010000300132,180,-0.0287,-0.0017,-0.027
0599010000300132,270,-0.0085,-0.0273,0.0188
0599010000300132,90,-0.0024,-0.0114,0.0091
0599010000300137,0,-0.0294,-0.0023,-0.0271
0599010000300137,180,-0.0319,-0.0065,-0.0254
0599010000300137,270,-0.0109,-0.0183,0.0074
0599010000300137,90,-0.0059,-0.0243,0.0184
0599010000300139,0,-0.0014,0.0046,-0.006
0599010000300139,180,-0.0287,-0.0017,-0.027
0599010000300139,270,-0.0085,-0.0273,0.0188
0599010000300139,90,-0.0024,-0.0114,0.0091
0599010000300142,0,-0.0237,-0.0064,-0.0173
0599010000300142,180,-0.0011,0.0068,-0.0079
0599010000300142,270,-0.0013,-0.019,0.0178
0599010000300142,90,-0.0288,-0.0333,0.0045
0599010000300144,0,-0.0294,-0.0023,-0.0271
0599010000300144,180,-0.0319,-0.0065,-0.0254
0599010000300144,270,-0.0109,-0.0183,0.0074
0599010000300144,90,-0.0059,-0.0243,0.0184
0599010000300145,0,-0.0014,0.0046,-0.006
0599010000300145,180,-0.0287,-0.0017,-0.027
0599010000300145,270,-0.0085,-0.0273,0.0188
0599010000300145,90,-0.0024,-0.0114,0.0091
0599010000300148,0,-0.0014,0.0046,-0.006
0599010000300148,180,-0.0287,-0.0017,-0.027
0599010000300148,270,-0.0085,-0.0273,0.0188
0599010000300148,90,-0.0024,-0.0114,0.0091
0599010000300149,0,-0.0237,-0.0064,-0.0173
0599010000300149,180,-0.0011,0.0068,-0.0079
0599010000300149,270,-0.0013,-0.019,0.0178
0599010000300149,90,-0.0288,-0.0333,0.0045
0599010000300153,0,-0.0294,-0.0023,-0.0271
0599010000300153,180,-0.0319,-0.0065,-0.0254
0599010000300153,270,-0.0109,-0.0183,0.0074
0599010000300153,90,-0.0059,-0.0243,0.0184
0599010000300156,0,-0.0237,-0.0064,-0.0173
0599010000300156,180,-0.0011,0.0068,-0.0079
0599010000300156,270,-0.0013,-0.019,0.0178
0599010000300156,90,-0.0288,-0.0333,0.0045
0599010000300158,0,-0.0014,0.0046,-0.006
0599010000300158,180,-0.0287,-0.0017,-0.027
0599010000300158,270,-0.0085,-0.0273,0.0188
0599010000300158,90,-0.0024,-0.0114,0.0091
0599010000300160,0,-0.0294,-0.0023,-0.0271
0599010000300160,180,-0.0319,-0.0065,-0.0254
0599010000300160,270,-0.0109,-0.0183,0.0074
0599010000300160,90,-0.0059,-0.0243,0.0184
0599010000300161,0,-0.0014,0.0046,-0.006
0599010000300161,180,-0.0287,-0.0017,-0.027
0599010000300161,270,-0.0085,-0.0273,0.0188
0599010000300161,90,-0.0024,-0.0114,0.0091
0599010000300566,180,-0.007,-0.0321,0.0251
0599010000300566,270,-0.0287,-0.0347,0.006
0599010000302961,0,-0.0012,-0.0178,0.0166
0599010000302961,180,0.0004,-0.014,0.0144
0599010000302961,90,-0.0018,-0.0283,0.0264
0599010000302975,0,-0.0154,-0.0181,0.0027
0599010000302975,180,0.0225,0.0092,0.0132
0599010000302975,270,0.0099,-0.0213,0.0311
0599010000302975,90,-0.0144,-0.03,0.0156
0599010000302982,0,-0.0012,-0.0178,0.0166
0599010000302982,270,-0.0172,-0.0371,0.0199
0599010000302982,90,-0.0018,-0.0282,0.0265
0599010000314531,0,0.0083,-0.011,0.0193
0599010000314531,180,0.0033,-0.0059,0.0092
0599010000314531,270,0.0152,-0.0144,0.0296
0599010000314531,90,-0.0036,-0.0212,0.0177
0599010000315335,0,0.0106,0.0016,0.0091
0599010000315335,180,-0.0033,-0.0048,0.0015
0599010000315335,270,0.0186,-0.0106,0.0291
0599010000315335,90,-0.0157,-0.0196,0.0039
0599010000323934,0,-0.022,-0.013,-0.009
0599010000323934,180,0.0085,0.0221,-0.0136
0599010000323934,270,0.0205,0.0371,-0.0167
0599010000323935,0,-0.001,0.0001,-0.0011
0599010000323935,180,0.0066,0.0185,-0.0119
0599010000323935,90,-0.0118,-0.0121,0.0003
0599010000323936,0,-0.0256,-0.0106,-0.0149
0599010000323936,180,0.0096,0.0314,-0.0218
0599010000323936,270,-0.0107,0.0011,-0.0118
0599010000323936,90,0.0139,0.0102,0.0038
0599010000328096,0,-0.0014,0.0046,-0.006
0599010000328096,180,-0.0287,-0.0017,-0.027
0599010000328096,270,-0.0085,-0.0273,0.0188
0599010000328096,90,-0.0024,-0.0114,0.0091
0599010000329777,0,0.0023,0.0037,-0.0014
0599010000329777,180,-0.0062,-0.0199,0.0137
0599010000329777,270,0.0162,-0.0103,0.0265
0599010000329777,90,0.0018,-0.016,0.0178
0599010000336477,0,-0.0049,-0.0073,0.0024
0599010000336477,180,-0.0005,0.0181,-0.0187
0599010000336477,270,-0.0307,-0.0119,-0.0188
0599010000336477,90,-0.0197,0.0098,-0.0295
0599010000337985,0,0.0038,-0.0063,0.0101
0599010000337985,180,-0.0044,-0.0052,0.0008
0599010000337985,270,-0.0081,-0.0197,0.0117
0599010000337985,90,0.0053,-0.0211,0.0265
0599010000337986,0,0.0169,0.0066,0.0103
0599010000337986,180,0.0107,0.0032,0.0075
0599010000337986,270,0.0089,-0.0045,0.0134
0599010000337986,90,0.0245,-0.0104,0.0349
0599010000337987,0,0.0047,-0.0071,0.0118
0599010000337987,180,0.0052,-0.0053,0.0105
0599010000337987,270,0.0131,-0.0041,0.0172
0599010000337987,90,0.0021,-0.067,0.0691
0599010000337991,180,0.0063,-0.0037,0.0099
0599010000337991,270,0.0177,-0.0067,0.0244
0599010000337991,90,0.0188,-0.0085,0.0273
0599010000337992,0,-0.0021,-0.0101,0.0079
0599010000337992,270,0.0111,-0.0156,0.0268
0599010000337992,90,0.0257,-0.01,0.0356
0599010000337993,0,-0.0097,-0.0012,-0.0085
0599010000337993,270,-0.0015,-0.0237,0.0221
0599010000337993,90,0.0304,-0.0091,0.0394
0599010000338263,0,-0.0049,-0.0073,0.0024
0599010000338263,180,-0.0005,0.0181,-0.0187
0599010000338263,270,-0.0307,-0.0119,-0.0188
0599010000347831,0,-0.0144,0.0338,-0.0481
0599010000347831,180,-0.0178,0.0126,-0.0303
0599010000347831,90,-0.0262,0.0253,-0.0515
0599010000347832,0,-0.0348,0.0145,-0.0494
0599010000347832,180,-0.051,-0.0098,-0.0412
0599010000347832,270,-0.0216,0.0308,-0.0524
0599010000347832,90,-0.0307,0.0151,-0.0458
0599010000347837,0,-0.02,0.0144,-0.0344
0599010000347837,180,-0.0065,0.0066,-0.013
0599010000347837,270,-0.0345,-0.0068,-0.0277
0599010000347837,90,-0.0043,0.0186,-0.0229
0599010000347909,0,-0.0118,0.0171,-0.0289
0599010000347909,180,-0.0153,0.002,-0.0173
0599010000347909,270,-0.0101,0.0008,-0.0109
0599010000347909,90,-0.0313,0.023,-0.0543
0599010000347910,0,-0.0341,0.015,-0.0491
0599010000347910,180,-0.024,0.002,-0.026
0599010000347910,270,0.0089,0.0333,-0.0244
0599010000347910,90,-0.0243,0.0018,-0.0261
0599010000347917,0,-0.0242,0.0197,-0.0438
0599010000347917,180,-0.01,0.0404,-0.0504
0599010000347917,270,-0.0208,0.0155,-0.0363
0599010000347919,0,-0.0589,0.026,-0.0849
0599010000347919,180,-0.059,-0.0053,-0.0537
0599010000347919,270,-0.0325,0.0205,-0.053
0599010000347919,90,-0.0377,0.03,-0.0678
0599010000347921,180,-0.0228,-0.0048,-0.0179
0599010000347921,270,-0.0008,-0.0031,0.0023
0599010000347921,90,-0.045,0.0195,-0.0645
0599010000347923,180,-0.025,0.0016,-0.0265
0599010000347923,270,-0.0098,0.0027,-0.0125
0599010000347923,90,-0.0398,0.0097,-0.0495
0599010000347924,0,-0.0082,0.0063,-0.0144
0599010000347924,180,-0.037,-0.0067,-0.0303
0599010000347924,270,-0.0245,-0.0111,-0.0134
0599010000347924,90,-0.0009,0.003,-0.0039
0599010000347928,0,-0.011,0.0044,-0.0154
0599010000347928,180,-0.0103,0.001,-0.0113
0599010000347928,270,-0.0086,-0.0088,0.0002
0599010000351012,0,0.0093,-0.0107,0.02
0599010000351012,180,-0.002,0.0277,-0.0297
0599010000351012,270,0.0075,0.0126,-0.0051
0599010000351012,90,-0.0024,-0.0027,0.0004
0599010000356347,0,-0.0173,-0.0056,-0.0116
0599010000356347,180,0.0141,-0.0212,0.0353
0599010000356347,270,-0.0237,-0.017,-0.0067
0599010000356347,90,-0.0141,-0.0105,-0.0036
0599010000405689,180,0.009,-0.0067,0.0157
0599010000405689,270,0.01,-0.0086,0.0185
0599010000405689,90,0.0057,0.0109,-0.0052
0599010000434583,0,-0.0487,-0.0724,0.0237
0599010000434583,180,-0.0487,-0.0724,0.0237
0599010000434583,270,-0.0487,-0.0724,0.0237
0599010000434583,90,-0.0487,-0.0724,0.0237
0599010000437287,0,-0.0262,-0.0065,-0.0198
0599010000437287,180,-0.0132,-0.006,-0.0072
0599010000437287,270,-0.0108,0.0113,-0.0222
0599010000437287,90,-0.0601,-0.039,-0.0211
0599010000437288,0,-0.0318,-0.0163,-0.0154
0599010000437288,180,-0.0216,-0.0,-0.0216
0599010000437288,270,0.0006,0.0125,-0.0119
0599010000437288,90,-0.0506,-0.0394,-0.0111
0599010000437289,0,-0.0422,-0.02,-0.0222
0599010000437289,180,-0.0041,-0.0058,0.0016
0599010000437289,270,-0.0034,-0.0004,-0.003
0599010000437289,90,-0.0431,-0.0304,-0.0127
0599010000437291,0,-0.04,-0.0194,-0.0206
0599010000437291,180,0.0035,0.0291,-0.0256
0599010000437291,270,0.0003,0.0149,-0.0147
0599010000437294,0,-0.04,-0.0194,-0.0206
0599010000437294,180,0.0035,0.0291,-0.0256
0599010000437294,270,0.0003,0.0149,-0.0147
0599010000437294,90,-0.0429,-0.0294,-0.0135
0599010000437298,0,-0.04,-0.0194,-0.0206
0599010000437298,180,0.0035,0.0291,-0.0256
0599010000437298,270,0.0003,0.0149,-0.0147
0599010000437298,90,-0.0429,-0.0294,-0.0135
0599010000437304,0,-0.04,-0.0194,-0.0206
0599010000437304,180,0.0035,0.0291,-0.0256
0599010000437304,270,0.0003,0.0149,-0.0147
0599010000437304,90,-0.0429,-0.0294,-0.0135
0599010000437318,0,-0.04,-0.0194,-0.0206
0599010000437318,180,0.0035,0.0291,-0.0256
0599010000437318,270,0.0003,0.0149,-0.0147
0599010000437318,90,-0.0429,-0.0294,-0.0135
0599010000460630,0,-0.0219,-0.0237,0.0017
0599010000460630,180,-0.0037,-0.0261,0.0225
0599010000460630,270,-0.0208,-0.0308,0.01
0599010000460630,90,-0.0128,-0.0327,0.0199
0599010000460632,0,-0.0006,-0.0266,0.026
0599010000460632,180,-0.0294,-0.0532,0.0238
0599010000460632,270,-0.0148,-0.0312,0.0165
0599010000460632,90,-0.0154,-0.0434,0.028
0599010000461085,0,-0.0487,-0.0724,0.0237
0599010000461085,180,-0.0487,-0.0724,0.0237
0599010000461085,270,-0.0487,-0.0724,0.0237
0599010000461085,90,-0.0487,-0.0724,0.0237
0599010000461087,0,-0.0046,-0.0179,0.0133
0599010000461087,180,-0.0153,-0.0098,-0.0054
0599010000461087,270,-0.015,-0.011,-0.0041
0599010000476139,0,-0.0136,-0.0249,0.0113
0599010000476139,180,-0.0247,-0.0241,-0.0005
0599010000476139,270,0.0037,-0.0005,0.0041
0599010000476139,90,-0.0523,-0.0118,-0.0405
0599010000476145,0,-0.0136,-0.0249,0.0113
0599010000476145,180,-0.0247,-0.0241,-0.0005
0599010000476145,270,0.0037,-0.0005,0.0041
0599010000476145,90,-0.0523,-0.0118,-0.0405
0599010000476146,0,-0.0136,-0.0249,0.0113
0599010000476146,180,-0.0247,-0.0241,-0.0005
0599010000476146,270,0.0037,-0.0005,0.0041
0599010000476146,90,-0.0523,-0.0118,-0.0405
0599010000476152,0,-0.0136,-0.0249,0.0113
0599010000476152,180,-0.0247,-0.0241,-0.0005
0599010000476152,270,0.0037,-0.0005,0.0041
0599010000476152,90,-0.0523,-0.0118,-0.0405
0599010000476157,0,-0.0136,-0.0249,0.0113
0599010000476157,180,-0.0247,-0.0241,-0.0005
0599010000476157,270,0.0037,-0.0005,0.0041
0599010000476157,90,-0.0523,-0.0118,-0.0405
0599010000476158,0,-0.0136,-0.0249,0.0113
0599010000476158,180,-0.0247,-0.0241,-0.0005
0599010000476158,270,0.0037,-0.0005,0.0041
0599010000476158,90,-0.0523,-0.0118,-0.0405
0599010000476166,0,-0.0136,-0.0249,0.0113
0599010000476166,180,-0.0247,-0.0241,-0.0005
0599010000476166,270,0.0037,-0.0005,0.0041
0599010000476166,90,-0.0523,-0.0118,-0.0405
0599010000476168,0,-0.0136,-0.0249,0.0113
0599010000476168,180,-0.0247,-0.0241,-0.0005
0599010000476168,270,0.0037,-0.0005,0.0041
0599010000476168,90,-0.0523,-0.0118,-0.0405
0599010000476173,0,-0.0136,-0.0249,0.0113
0599010000476173,180,-0.0247,-0.0241,-0.0005
0599010000476173,270,0.0037,-0.0005,0.0041
0599010000476173,90,-0.0523,-0.0118,-0.0405
0599010000476176,0,-0.0136,-0.0249,0.0113
0599010000476176,180,-0.0247,-0.0241,-0.0005
0599010000476176,270,0.0037,-0.0005,0.0041
0599010000476176,90,-0.0523,-0.0118,-0.0405
0599010000476177,0,-0.0136,-0.0249,0.0113
0599010000476177,180,-0.0247,-0.0241,-0.0005
0599010000476177,270,0.0037,-0.0005,0.0041
0599010000476177,90,-0.0523,-0.0118,-0.0405
0599010000476181,0,-0.0136,-0.0249,0.0113
0599010000476181,180,-0.0247,-0.0241,-0.0005
0599010000476181,270,0.0037,-0.0005,0.0041
0599010000476181,90,-0.0523,-0.0118,-0.0405
0599010000476182,0,-0.0136,-0.0249,0.0113
0599010000476182,180,-0.0247,-0.0241,-0.0005
0599010000476182,270,0.0037,-0.0005,0.0041
0599010000476182,90,-0.0523,-0.0118,-0.0405
0599010000476190,0,-0.0136,-0.0249,0.0113
0599010000476190,180,-0.0247,-0.0241,-0.0005
0599010000476190,270,0.0037,-0.0005,0.0041
0599010000476190,90,-0.0523,-0.0118,-0.0405
0599010000476191,0,-0.0136,-0.0249,0.0113
0599010000476191,180,-0.0247,-0.0241,-0.0005
0599010000476191,270,0.0037,-0.0005,0.0041
0599010000476191,90,-0.0523,-0.0118,-0.0405
0599010000476193,0,-0.0136,-0.0249,0.0113
0599010000476193,180,-0.0247,-0.0241,-0.0005
0599010000476193,270,0.0037,-0.0005,0.0041
0599010000476193,90,-0.0523,-0.0118,-0.0405
0599010000476196,0,-0.0136,-0.0249,0.0113
0599010000476196,180,-0.0247,-0.0241,-0.0005
0599010000476196,270,0.0037,-0.0005,0.0041
0599010000476196,90,-0.0523,-0.0118,-0.0405
0599010000476198,0,-0.0136,-0.0249,0.0113
0599010000476198,180,-0.0247,-0.0241,-0.0005
0599010000476198,270,0.0037,-0.0005,0.0041
0599010000476198,90,-0.0523,-0.0118,-0.0405
0599010000476212,0,0.005,-0.0067,0.0117
0599010000476212,180,-0.0295,-0.012,-0.0175
0599010000476212,270,0.0045,-0.0139,0.0184
0599010000476212,90,-0.0295,-0.024,-0.0054
0599010000485325,0,-0.0513,-0.0304,-0.021
0599010000485325,180,-0.0201,-0.0062,-0.0139
0599010000485325,270,0.0041,-0.0039,0.008
0599010000485325,90,-0.0457,-0.0333,-0.0124
0599010000489433,0,0.0024,0.0032,-0.0008
0599010000489433,180,-0.0303,-0.0003,-0.0301
0599010000489433,270,0.0055,0.0061,-0.0006
0599010000489433,90,-0.0003,-0.013,0.0128
0599010000489434,0,0.0024,0.0032,-0.0008
0599010000489434,180,-0.0303,-0.0003,-0.0301
0599010000489434,270,0.0055,0.0061,-0.0006
0599010000489434,90,-0.0002,-0.013,0.0127
0599010110001840,0,0.0265,0.0104,0.0162
0599010110001840,180,-0.0119,-0.0364,0.0244
0599010110001840,270,-0.0035,0.0045,-0.008
0599010110001840,90,0.0074,0.0106,-0.0032
0599010110001841,0,0.0375,0.0102,0.0273
0599010110001841,180,-0.0026,-0.0028,0.0003
0599010110001841,270,0.0032,0.0125,-0.0094
0599010110001841,90,0.0276,0.0381,-0.0105
0599010110001842,0,0.0256,0.0071,0.0185
0599010110001842,180,0.0448,0.0016,0.0432
0599010110001842,270,0.0128,0.016,-0.0031
0599010110001842,90,0.0201,0.0185,0.0016
0599010110001843,0,0.0089,-0.0025,0.0114
0599010110001843,180,-0.0126,0.0089,-0.0216
0599010110001843,270,0.0018,0.0086,-0.0067
0599010110001843,90,0.0246,0.0173,0.0073
0599010110001844,0,0.0328,0.0115,0.0213
0599010110001844,180,0.0445,0.0033,0.0411
0599010110001844,270,0.0088,0.0158,-0.0069
0599010110001845,0,0.017,0.018,-0.001
0599010110001845,180,-0.001,0.0078,-0.0088
0599010110001845,270,0.0176,0.0114,0.0062
0599010110001845,90,0.0254,0.0271,-0.0016
0599010110009802,0,0.0029,0.0359,-0.0331
0599010110009802,180,-0.015,-0.0363,0.0213
0599010110009802,270,0.0215,0.0289,-0.0074
0599010110009802,90,-0.0038,0.0185,-0.0223
0599010110009803,0,0.0029,0.0359,-0.0331
0599010110009803,180,-0.015,-0.0363,0.0213
0599010110009803,270,0.0215,0.0289,-0.0074
0599010110009803,90,-0.0038,0.0185,-0.0223
0599010110009804,0,0.0029,0.0359,-0.0331
0599010110009804,180,-0.015,-0.0363,0.0213
0599010110009804,270,0.0215,0.0289,-0.0074
0599010110009804,90,-0.0038,0.0185,-0.0223
0599010110009805,0,0.0029,0.0359,-0.0331
0599010110009805,180,-0.015,-0.0363,0.0213
0599010110009805,270,0.0215,0.0289,-0.0074
0599010110009805,90,-0.0038,0.0185,-0.0223
0599010110009806,0,-0.0331,0.0043,-0.0374
0599010110009806,180,-0.0416,-0.0013,-0.0403
0599010110009806,270,-0.0421,-0.0248,-0.0172
0599010110009806,90,-0.0174,-0.004,-0.0134
0599010110009807,0,-0.0331,0.0043,-0.0374
0599010110009807,180,-0.0416,-0.0013,-0.0403
0599010110009807,90,-0.0174,-0.004,-0.0134
0599010110009808,180,-0.0411,-0.0111,-0.03
0599010110009808,90,-0.0168,-0.018,0.0011
0599010110009809,0,-0.0452,0.0039,-0.0491
0599010110009809,180,-0.0411,-0.0111,-0.03
0599010110009809,270,-0.0303,-0.0207,-0.0096
0599010110009809,90,-0.0168,-0.018,0.0011
0599010110009810,0,-0.0452,0.0039,-0.0491
0599010110009810,180,-0.0411,-0.0111,-0.03
0599010110009810,270,-0.0303,-0.0207,-0.0096
0599010110009810,90,-0.0168,-0.018,0.0011
0599010110009811,0,-0.0452,0.0039,-0.0491
0599010110009811,180,-0.0411,-0.0111,-0.03
0599010110009811,270,-0.0303,-0.0207,-0.0096
0599010110009811,90,-0.0168,-0.018,0.0011
0599010110009812,0,-0.0452,0.0039,-0.0491
0599010110009812,180,-0.0411,-0.0111,-0.03
0599010110009812,270,-0.0303,-0.0207,-0.0096
0599010110009813,180,-0.0411,-0.0111,-0.03
0599010110009813,270,-0.0303,-0.0207,-0.0096
0599010110009813,90,-0.0168,-0.018,0.0011
0599010110009814,0,-0.0523,-0.0169,-0.0354
0599010110009814,180,-0.0615,-0.0107,-0.0508
0599010110009814,270,-0.0178,-0.0149,-0.0029
0599010110009814,90,-0.0211,-0.0266,0.0054
0599010110009816,0,-0.0523,-0.0169,-0.0354
0599010110009816,180,-0.0615,-0.0107,-0.0508
0599010110009816,270,-0.0178,-0.0149,-0.0029
0599010110009816,90,-0.0211,-0.0266,0.0054
0599010110009862,0,0.0029,0.0359,-0.0331
0599010110009862,180,-0.015,-0.0363,0.0213
0599010110009862,270,0.0215,0.0289,-0.0074
0599010110009862,90,-0.0038,0.0185,-0.0223
0599010110009863,0,0.0029,0.0359,-0.0331
0599010110009863,180,-0.015,-0.0363,0.0213
0599010110009863,270,0.0215,0.0289,-0.0074
0599010110009863,90,-0.0038,0.0185,-0.0223
0599010110009864,0,0.0029,0.0359,-0.0331
0599010110009864,180,-0.015,-0.0363,0.0213
0599010110009864,270,0.0215,0.0289,-0.0074
0599010110009864,90,-0.0038,0.0185,-0.0223
0599010110009865,0,0.0029,0.0359,-0.0331
0599010110009865,180,-0.015,-0.0363,0.0213
0599010110009865,270,0.0215,0.0289,-0.0074
0599010110009865,90,-0.0038,0.0185,-0.0223
0599010110011380,0,0.0125,0.0218,-0.0093
0599010110011380,180,-0.0124,0.0082,-0.0206
0599010110011380,270,-0.0002,0.012,-0.0122
0599010110011380,90,0.0062,0.004,0.0022
0599010110018011,0,0.0201,0.0083,0.0118
0599010110018011,180,-0.0271,-0.0079,-0.0192
0599010110018011,270,-0.0056,0.01,-0.0156
0599010110018011,90,0.002,0.0053,-0.0034
0599010110048711,0,0.0418,0.0099,0.0319
0599010110048711,180,0.0068,0.0166,-0.0098
0599010110048711,270,0.0277,-0.009,0.0366
0599010110048711,90,0.0095,-0.0258,0.0353
0599010110048712,0,0.0418,0.0099,0.0319
0599010110048712,180,0.0068,0.0166,-0.0098
0599010110048712,270,0.0277,-0.009,0.0366
0599010110048712,90,0.0095,-0.0258,0.0353
0599010110048713,0,0.0418,0.0099,0.0319
0599010110048713,180,0.0068,0.0166,-0.0098
0599010110048713,270,0.0277,-0.009,0.0366
0599010110048713,90,0.0095,-0.0258,0.0353
0599010110048719,0,0.0418,0.0099,0.0319
0599010110048719,180,0.0068,0.0166,-0.0098
0599010110048719,270,0.0277,-0.009,0.0367
0599010110048719,90,0.0095,-0.0258,0.0353
0599010400005267,0,-0.0374,-0.0423,0.0048
0599010400005267,180,-0.0134,-0.0133,-0.0001
0599010400005267,270,-0.0157,-0.006,-0.0096
0599010400005267,90,-0.0159,-0.0129,-0.003
0599010400009142,0,-0.0242,-0.0111,-0.0131
0599010400009142,180,-0.0091,-0.0018,-0.0073
0599010400009142,270,-0.0049,-0.0082,0.0032
0599010400009142,90,-0.0532,-0.0347,-0.0185
0599010400009395,180,0.0039,-0.0085,0.0125
0599010400009395,270,-0.0021,-0.0143,0.0122
0599010400009395,90,0.0163,0.0285,-0.0122
0599010400015254,0,-0.0487,-0.0724,0.0237
0599010400015254,180,-0.0487,-0.0724,0.0237
0599010400015254,270,-0.0487,-0.0724,0.0237
0599010400015254,90,-0.0487,-0.0724,0.0237
0599010400020225,0,0.0272,-0.0027,0.0299
0599010400020225,180,0.0191,0.0057,0.0134
0599010400020225,270,-0.0004,0.01,-0.0103
0599010400020225,90,0.0117,0.0197,-0.008
0599010400020226,0,0.0375,0.0102,0.0273
0599010400020226,180,-0.0026,-0.0028,0.0003
0599010400020226,270,0.0032,0.0125,-0.0094
0599010400020226,90,0.0276,0.0381,-0.0105
0599010400020458,0,0.006,-0.0135,0.0195
0599010400020458,180,-0.0388,-0.0512,0.0124
0599010400020458,270,-0.0046,-0.019,0.0144
0599010400020458,90,-0.0044,-0.0148,0.0104
0599010400036243,0,0.0096,0.0054,0.0042
0599010400036243,180,0.0143,-0.0038,0.0181
0599010400036243,270,-0.0014,0.0118,-0.0132
0599010400036243,90,-0.0196,-0.0178,-0.0018
0599010400038102,0,0.0162,0.0071,0.0091
0599010400038102,180,0.0005,-0.013,0.0135
0599010400038102,270,-0.0049,-0.0011,-0.0038
0599010400038102,90,0.0096,0.0085,0.0011
0599020000002053,0,-0.0581,-0.0374,-0.0207
0599020000002053,180,-0.0401,-0.0409,0.0008
0599020000002053,270,-0.0737,-0.0504,-0.0233
0599020000002053,90,-0.0317,-0.0109,-0.0208
0599020000436147,0,-0.0355,-0.0431,0.0077
0599020000436147,180,-0.023,-0.011,-0.012
0599020000436147,270,-0.0046,0.0197,-0.0243
0599020000436147,90,-0.0017,-0.0088,0.0071
0599020000436148,0,-0.0255,0.0026,-0.028
0599020000436148,180,-0.0536,-0.0084,-0.0452
0599020000436148,90,-0.0413,-0.0109,-0.0303
0599020110000542,0,-0.0457,-0.0099,-0.0358
0599020110000542,180,-0.0572,-0.0123,-0.0449
0599020110000542,270,-0.0553,-0.0403,-0.015
0599020110000542,90,0.0074,0.029,-0.0217
0599020110000582,0,-0.0889,-0.0708,-0.0181
0599020110000582,180,-0.0586,-0.0428,-0.0158
0599020110000582,270,-0.0487,-0.0572,0.0085
0599020110000582,90,-0.0737,-0.0564,-0.0173
0344010000007911,180,-0.0014,0.0085,-0.0099
0344010000007911,270,0.008,0.0237,-0.0157
0344010000007911,90,-0.017,0.0015,-0.0185
0344010000047353,0,-0.0194,-0.0276,0.0082
0344010000047353,270,0.0155,0.0102,0.0054
0344010000099681,0,0.0053,-0.006,0.0114
0344010000099681,180,0.0128,0.0146,-0.0018
0344010000099681,90,-0.011,-0.0181,0.0071
0344010000135990,180,0.0137,-0.0067,0.0203
0344010000135990,270,-0.0438,-0.0591,0.0152
0344010000155656,0,-0.0349,-0.081,0.0461
0344010000155656,270,-0.0306,-0.052,0.0214
0344010000155656,90,-0.0358,-0.053,0.0172
0363010000551556,180,-0.0053,0.0134,-0.0187
0363010000551556,90,-0.008,-0.0167,0.0087
0363010000551589,180,-0.0029,0.0057,-0.0085
0363010000551589,90,-0.0153,-0.021,0.0058
0363010000552486,180,-0.0053,0.0134,-0.0187
0363010000552486,270,0.0053,-0.0051,0.0105
0363010000552486,90,-0.008,-0.0167,0.0087
0363010000585634,0,-0.0035,0.0028,-0.0063
0363010000585634,180,-0.0053,0.0134,-0.0187
0363010000585634,270,0.0053,-0.0051,0.0105
0363010000585635,0,-0.0035,0.0028,-0.0063
0363010000585635,180,-0.0053,0.0134,-0.0187
0363010000585635,270,0.0053,-0.0051,0.0105
0363010000585636,0,-0.0238,-0.0129,-0.011
0363010000585636,180,-0.0265,-0.0082,-0.0182
0363010000585636,270,-0.0086,-0.02,0.0113
0363010000690009,180,0.0028,-0.0141,0.0169
0363010000690009,270,0.0173,-0.0498,0.0672
0363010000690009,90,0.0164,-0.0671,0.0835
0363010000690044,180,-0.0278,-0.0023,-0.0254
0363010000690044,270,0.0088,-0.0187,0.0275
0363010000690044,90,-0.0182,0.0068,-0.0249
0363010000690056,180,-0.0278,-0.0023,-0.0254
0363010000690056,270,0.0088,-0.0187,0.0275
0363010000690056,90,-0.0182,0.0068,-0.0249
0363010000710731,0,-0.0063,-0.0123,0.0061
0363010000710731,180,-0.0249,-0.0204,-0.0045
0363010000710731,270,-0.0193,-0.0248,0.0055
0363010000710733,0,-0.0166,-0.0327,0.0161
0363010000710733,180,-0.0149,-0.0187,0.0038
0363010000710733,270,-0.0152,-0.0071,-0.0081
0363010000722810,180,0.0008,-0.0142,0.015
0363010000722810,270,-0.0078,-0.0112,0.0033
0363010000722810,90,-0.0153,-0.001,-0.0143
0363010000722812,0,-0.0406,-0.0371,-0.0035
0363010000722812,180,0.0008,-0.0142,0.015
0363010000722812,270,-0.0078,-0.0112,0.0033
0363010000722814,270,-0.0157,-0.0139,-0.0018
0363010000722814,90,-0.0291,-0.011,-0.0181
0363010000772764,0,-0.0029,-0.0286,0.0257
0363010000772764,270,0.0009,-0.0169,0.0178
0363010000772764,90,-0.0135,-0.0085,-0.005
0363010000777895,0,0.0138,0.034,-0.0202
0363010000777895,180,-0.0166,-0.0277,0.0111
0363010000777895,90,-0.0163,0.0031,-0.0193
0363010000784311,0,0.0283,0.014,0.0143
0363010000784311,180,0.0093,0.02,-0.0108
0363010000784311,90,-0.0247,0.0108,-0.0355
0363010000784314,0,0.0274,0.0249,0.0025
0363010000784314,180,-0.0015,-0.0156,0.0141
0363010000784314,90,-0.0263,-0.0004,-0.0259
0363010000784315,180,0.0047,0.038,-0.0333
0363010000784315,270,-0.0313,-0.0075,-0.0238
0363010000784315,90,-0.035,0.0159,-0.051
0363010000803502,180,-0.0213,-0.0223,0.001
0363010000803502,270,-0.0092,-0.0201,0.0109
0363010000803502,90,-0.015,-0.0077,-0.0073
0363010000854284,0,-0.0074,-0.0249,0.0175
0363010000854284,180,-0.0089,-0.0147,0.0058
0363010000854284,90,-0.0173,-0.0234,0.0061
0363010000854302,180,0.0004,-0.0156,0.0161
0363010000854302,270,-0.0054,-0.0258,0.0204
0363010000854302,90,-0.015,-0.0193,0.0044
0363010000854304,270,-0.0054,-0.0258,0.0204
0363010000864939,0,0.0009,0.0052,-0.0043
0363010000864939,180,-0.0112,0.0,-0.0112
0363010000864939,270,-0.0117,-0.0315,0.0198
0363010000923238,180,0.0111,0.0058,0.0053
0363010000923238,270,-0.005,0.0161,-0.0211
0363010000923238,90,0.007,0.0212,-0.0142
0363010000923241,0,0.0186,0.0198,-0.0012
0363010000923241,270,-0.0008,0.0238,-0.0246
0363010000923241,90,0.0001,0.0255,-0.0253
0363010000923242,0,0.0205,0.0298,-0.0093
0363010000923242,180,0.0192,0.0287,-0.0095
0363010000923242,90,0.0032,0.0196,-0.0164
0363010000923243,0,0.0186,0.0198,-0.0012
0363010000923243,180,0.0156,-0.0027,0.0183
0363010000923243,90,0.0001,0.0255,-0.0253
0363010000923251,180,0.0108,0.0056,0.0052
0363010000923251,270,-0.005,0.0161,-0.0211
0363010000923251,90,0.007,0.0212,-0.0142
0363010000923253,0,0.0205,0.0298,-0.0093
0363010000923253,270,-0.0099,0.0245,-0.0344
0363010000923253,90,0.0032,0.0196,-0.0164
0363010000923255,0,0.0205,0.0298,-0.0093
0363010000923255,90,0.0032,0.0196,-0.0164
0363010001009817,180,-0.0191,-0.0122,-0.0069
0363010001009817,270,-0.0153,0.0226,-0.0379
0363010001009817,90,-0.0386,-0.0161,-0.0224
0363010011005094,180,0.0005,0.0038,-0.0033
0363010011005094,270,-0.0207,-0.0062,-0.0145
0363010011005094,90,-0.0111,0.0214,-0.0326
0363010011005097,0,-0.0116,-0.0116,-0.0001
0363010011005097,180,0.0005,0.0038,-0.0033
0363010011005097,270,-0.0207,-0.0062,-0.0145
0363010011005098,0,-0.0116,-0.0116,-0.0001
0363010011005098,270,-0.0207,-0.0062,-0.0145
0363010011005098,90,-0.0111,0.0214,-0.0326
0363010011290833,180,-0.0084,0.0094,-0.0178
0363010011290833,270,-0.0087,0.0128,-0.0215
0363010011290833,90,-0.0102,0.0161,-0.0263
0363010011290834,270,-0.0087,0.0128,-0.0215
0363010011290834,90,-0.0102,0.0161,-0.0263
0363010012067304,0,0.0046,-0.0071,0.0117
0363010012067304,270,-0.0111,-0.0083,-0.0027
0363010012067304,90,-0.004,-0.0169,0.0129
0363010012078382,0,-0.0002,-0.0397,0.0396
0363010012078382,180,-0.02,-0.0532,0.0333
0363010012078382,270,-0.004,-0.0004,-0.0037
0363010012082729,180,0.0108,0.0056,0.0052
0363010012082729,90,0.007,0.0212,-0.0142
0363010012088554,0,0.0022,0.0181,-0.0159
0363010012088554,270,-0.0125,0.0151,-0.0276
0363010012088554,90,-0.0222,0.0187,-0.0409
0363010012088577,0,0.0123,0.0261,-0.0138
0363010012088577,270,-0.0076,0.0221,-0.0297
0363010012088577,90,-0.007,0.025,-0.032
0363010012157005,180,-0.0022,-0.0165,0.0143
0363010012157005,270,-0.0136,-0.0204,0.0068
0363010012164013,0,0.0035,0.0059,-0.0024
0363010012164013,180,-0.0433,-0.0235,-0.0199
0363010012164013,270,0.0282,0.0059,0.0223
0363020001033158,0,-0.0162,-0.012,-0.0042
0363020001033158,180,-0.0283,-0.0178,-0.0105
0363020001033158,270,-0.0282,-0.0116,-0.0165
0599010000015079,0,0.0023,-0.0308,0.0332
0599010000015079,180,0.0047,-0.0159,0.0205
0599010000015079,270,0.0515,0.0355,0.016
0599010000044399,180,0.0141,0.0136,0.0005
0599010000044399,270,0.0365,-0.0148,0.0514
0599010000044399,90,-0.0044,0.0021,-0.0064
0599010000057149,180,-0.0052,-0.015,0.0098
0599010000057149,270,0.0335,0.0237,0.0098
0599010000057149,90,0.0172,0.016,0.0012
0599010000068836,0,-0.0208,-0.0131,-0.0077
0599010000068836,180,-0.0104,-0.0036,-0.0068
0599010000068836,90,-0.0363,-0.0189,-0.0174
0599010000070148,180,-0.0149,-0.0046,-0.0102
0599010000070148,270,-0.0023,-0.0028,0.0005
0599010000085243,270,0.0123,0.0005,0.0117
0599010000085243,90,0.0063,-0.0307,0.037
0599010000092285,0,-0.0049,-0.0073,0.0024
0599010000092285,270,-0.0307,-0.0119,-0.0188
0599010000092285,90,-0.0197,0.0098,-0.0295
0599010000094124,180,0.0047,-0.0159,0.0205
0599010000094124,90,0.0037,-0.0176,0.0212
0599010000097416,0,-0.0237,-0.0398,0.016
0599010000097416,180,-0.0105,-0.0179,0.0075
0599010000097416,90,-0.0187,-0.0011,-0.0177
0599010000125537,0,-0.0332,-0.0169,-0.0164
0599010000125537,180,-0.0456,-0.0304,-0.0152
0599010000125537,90,0.0046,-0.0017,0.0063
0599010000129802,0,-0.0182,-0.0071,-0.0111
0599010000129802,180,-0.0054,0.0058,-0.0112
0599010000129802,270,0.0231,0.0192,0.0039
0599010000167826,270,-0.0161,-0.0015,-0.0146
0599010000167826,90,-0.0206,0.0002,-0.0209
0599010000170199,180,-0.0369,0.0062,-0.0431
0599010000170199,270,-0.0418,-0.0277,-0.0142
0599010000170199,90,-0.0078,0.0214,-0.0291
0599010000179516,270,-0.0057,-0.0235,0.0177
0599010000179516,90,0.009,-0.0162,0.0252
0599010000188286,0,-0.0245,-0.0135,-0.011
0599010000188286,180,-0.032,-0.0205,-0.0115
0599010000188286,270,-0.0281,-0.0218,-0.0063
0599010000192696,180,-0.0112,0.0092,-0.0204
0599010000192696,270,0.0304,0.0125,0.0179
0599010000192696,90,0.0241,-0.0002,0.0243
0599010000195229,270,0.0335,0.0237,0.0098
0599010000195229,90,0.0172,0.016,0.0012
0599010000207183,0,-0.0332,-0.0169,-0.0164
0599010000207183,270,-0.0132,-0.0111,-0.0021
0599010000207183,90,0.0046,-0.0017,0.0063
0599010000219810,180,0.018,0.0427,-0.0247
0599010000219810,270,0.0247,0.0021,0.0226
0599010000219810,90,-0.0234,0.0126,-0.036
0599010000225548,0,0.0099,0.0036,0.0062
0599010000225548,270,-0.0033,0.0031,-0.0064
0599010000225548,90,-0.0138,0.0003,-0.0142
0599010000225556,0,0.0047,-0.007,0.0117
0599010000225556,180,-0.0048,-0.0108,0.0061
0599010000225556,90,-0.0039,0.0015,-0.0054
0599010000241241,0,-0.0125,0.0114,-0.0239
0599010000241241,180,0.0131,0.0012,0.0119
0599010000241241,90,0.0197,0.005,0.0147
0599010000246878,180,-0.0016,-0.0137,0.012
0599010000246878,90,-0.0084,-0.0221,0.0137
0599010000250669,0,-0.0146,0.0228,-0.0374
0599010000250669,180,0.0267,0.0158,0.0109
0599010000250669,270,-0.0052,0.007,-0.0121
0599010000250672,180,0.0267,0.0158,0.0109
0599010000250672,270,-0.0052,0.007,-0.0121
0599010000250672,90,-0.0092,-0.0002,-0.009
0599010000250679,0,-0.0115,0.0003,-0.0118
0599010000250679,180,-0.0139,-0.0169,0.003
0599010000250679,270,-0.0028,0.0043,-0.007
0599010000250682,180,-0.0164,-0.0166,0.0002
0599010000250682,270,-0.0013,0.0096,-0.0109
0599010000250682,90,-0.0024,0.0263,-0.0287
0599010000252116,0,0.0106,0.0016,0.0091
0599010000252116,180,-0.0033,-0.0048,0.0015
0599010000252116,90,-0.0157,-0.0196,0.0039
0599010000255200,270,-0.0198,-0.0065,-0.0133
0599010000255200,90,0.0068,0.005,0.0019
0599010000270598,0,-0.0046,-0.0125,0.0079
0599010000270598,180,-0.0136,-0.0099,-0.0037
0599010000270598,270,-0.008,-0.0363,0.0282
0599010000280553,180,-0.0319,-0.0356,0.0038
0599010000280553,90,-0.0266,-0.023,-0.0036
0599010000284295,0,-0.0237,-0.0398,0.016
0599010000284295,270,-0.016,-0.001,-0.0151
0599010000284295,90,-0.0187,-0.001,-0.0177
0599010000294208,0,-0.0256,-0.0106,-0.0149
0599010000294208,180,0.0096,0.0314,-0.0218
0599010000294208,90,0.014,0.0102,0.0038
0599010000300566,180,-0.007,-0.0321,0.0251
0599010000300566,270,-0.0287,-0.0347,0.006
0599010000302961,0,-0.0012,-0.0178,0.0166
0599010000302961,180,0.0004,-0.014,0.0144
0599010000302961,90,-0.0018,-0.0283,0.0264
0599010000302982,0,-0.0012,-0.0178,0.0166
0599010000302982,270,-0.0172,-0.0371,0.0199
0599010000302982,90,-0.0018,-0.0282,0.0265
0599010000323934,0,-0.022,-0.013,-0.009
0599010000323934,180,0.0085,0.0221,-0.0136
0599010000323934,270,0.0205,0.0371,-0.0167
0599010000323935,0,-0.001,0.0001,-0.0011
0599010000323935,180,0.0066,0.0185,-0.0119
0599010000323935,90,-0.0118,-0.0121,0.0003
0599010000337991,180,0.0063,-0.0037,0.0099
0599010000337991,270,0.0177,-0.0067,0.0244
0599010000337991,90,0.0188,-0.0085,0.0273
0599010000337992,0,-0.0021,-0.0101,0.0079
0599010000337992,270,0.0111,-0.0156,0.0268
0599010000337992,90,0.0257,-0.01,0.0356
0599010000337993,0,-0.0097,-0.0012,-0.0085
0599010000337993,270,-0.0015,-0.0237,0.0221
0599010000337993,90,0.0304,-0.0091,0.0394
0599010000338263,0,-0.0049,-0.0073,0.0024
0599010000338263,180,-0.0005,0.0181,-0.0187
0599010000338263,270,-0.0307,-0.0119,-0.0188
0599010000347831,0,-0.0144,0.0338,-0.0481
0599010000347831,180,-0.0178,0.0126,-0.0303
0599010000347831,90,-0.0262,0.0253,-0.0515
0599010000347917,0,-0.0242,0.0197,-0.0438
0599010000347917,180,-0.01,0.0404,-0.0504
0599010000347917,270,-0.0208,0.0155,-0.0363
0599010000347921,180,-0.0228,-0.0048,-0.0179
0599010000347921,270,-0.0008,-0.0031,0.0023
0599010000347921,90,-0.045,0.0195,-0.0645
0599010000347923,180,-0.025,0.0016,-0.0265
0599010000347923,270,-0.0098,0.0027,-0.0125
0599010000347923,90,-0.0398,0.0097,-0.0495
0599010000347928,0,-0.011,0.0044,-0.0154
0599010000347928,180,-0.0103,0.001,-0.0113
0599010000347928,270,-0.0086,-0.0088,0.0002
0599010000405689,180,0.009,-0.0067,0.0157
0599010000405689,270,0.01,-0.0086,0.0185
0599010000405689,90,0.0057,0.0109,-0.0052
0599010000437291,0,-0.04,-0.0194,-0.0206
0599010000437291,180,0.0035,0.0291,-0.0256
0599010000437291,270,0.0003,0.0149,-0.0147
0599010000461087,0,-0.0046,-0.0179,0.0133
0599010000461087,180,-0.0153,-0.0098,-0.0054
0599010000461087,270,-0.015,-0.011,-0.0041
0599010110001844,0,0.0328,0.0115,0.0213
0599010110001844,180,0.0445,0.0033,0.0411
0599010110001844,270,0.0088,0.0158,-0.0069
0599010110009807,0,-0.0331,0.0043,-0.0374
0599010110009807,180,-0.0416,-0.0013,-0.0403
0599010110009807,90,-0.0174,-0.004,-0.0134
0599010110009808,180,-0.0411,-0.0111,-0.03
0599010110009808,90,-0.0168,-0.018,0.0011
0599010110009812,0,-0.0452,0.0039,-0.0491
0599010110009812,180,-0.0411,-0.0111,-0.03
0599010110009812,270,-0.0303,-0.0207,-0.0096
0599010110009813,180,-0.0411,-0.0111,-0.03
0599010110009813,270,-0.0303,-0.0207,-0.0096
0599010110009813,90,-0.0168,-0.018,0.0011
0599010400009395,180,0.0039,-0.0085,0.0125
0599010400009395,270,-0.0021,-0.0143,0.0122
0599010400009395,90,0.0163,0.0285,-0.0122
0599020000436148,0,-0.0255,0.0026,-0.028
0599020000436148,180,-0.0536,-0.0084,-0.0452
0599020000436148,90,-0.0413,-0.0109,-0.0303
